mtllib Man_With_Shoes_basemesh.mtl
o Man_With_Shoes_basemesh.obj
v -0.118974 1.148633 -0.050694
v -0.152033 1.538475 -0.099052
v -0.126389 1.143570 0.086444
v -0.140530 1.538672 0.047073
v -0.131928 1.263838 -0.079319
v -0.161607 1.352472 -0.099661
v -0.156441 1.440403 -0.120508
v -0.147684 1.450951 0.097031
v -0.166476 1.365239 0.088298
v -0.141036 1.291787 0.113077
v -0.154456 1.158491 0.013374
v -0.170418 1.568239 -0.029238
v -0.168663 1.279933 0.014744
v -0.178938 1.349779 0.007748
v -0.203052 1.440820 0.069220
v -0.227307 1.509750 0.047572
v -0.248604 1.533489 -0.039806
v -0.245073 1.485452 -0.101992
v -0.210602 1.427775 -0.093752
v -0.200879 1.392819 -0.053174
v -0.182791 1.409750 -0.006621
v -0.191343 1.408148 0.042268
v -0.256045 1.410705 0.057402
v -0.298124 1.442587 0.030205
v -0.307725 1.458504 -0.027286
v -0.293984 1.438652 -0.082364
v -0.252213 1.398326 -0.086777
v -0.214034 1.386431 -0.048702
v -0.217996 1.391971 -0.003919
v -0.221851 1.396631 0.036015
v -0.452331 1.282698 0.035723
v -0.433382 1.334182 0.020088
v -0.444052 1.346583 -0.012993
v -0.414751 1.338665 -0.055519
v -0.397069 1.311803 -0.065289
v -0.388590 1.281606 -0.036905
v -0.395993 1.264652 -0.000848
v -0.438187 1.259672 0.031220
v -0.619536 1.193004 0.093397
v -0.628113 1.203159 0.069365
v -0.631036 1.193881 0.044253
v -0.622416 1.171626 0.031091
v -0.611207 1.159503 0.032715
v -0.600458 1.153049 0.045216
v -0.488608 1.259598 0.050594
v -0.507549 1.287342 0.045520
v -0.520332 1.301704 0.009787
v -0.508844 1.280510 -0.030341
v -0.489648 1.247119 -0.044926
v -0.470113 1.219739 -0.023884
v -0.471479 1.219386 0.012462
v -0.476581 1.236086 0.041635
v -0.123089 1.588262 -0.061089
v -0.140197 1.576557 -0.006752
v -0.098958 1.553965 0.037725
v -0.072544 1.527442 -0.115884
v -0.054304 1.136727 -0.068530
v -0.068558 1.100476 0.133963
v -0.054372 1.510083 0.107161
v -0.078174 1.439993 -0.124613
v -0.070400 1.349355 -0.125211
v -0.051679 1.268876 -0.098167
v -0.079182 1.433539 0.138970
v -0.077622 1.354354 0.156775
v -0.068599 1.284296 0.151769
v -0.040643 1.871540 0.015505
v -0.040979 1.539341 0.073965
v -0.058204 1.580212 -0.090921
v -0.664321 1.100866 0.143581
v -0.677236 1.117567 0.148460
v -0.697485 1.121661 0.093001
v -0.685055 1.110472 0.039607
v -0.672172 1.097112 0.038546
v -0.678810 1.092594 0.061782
v -0.685062 1.098372 0.091982
v -0.680289 1.095633 0.123119
v -0.630647 1.117758 0.133529
v -0.655471 1.130736 0.138574
v -0.677313 1.145994 0.085234
v -0.663150 1.132024 0.033497
v -0.649350 1.117209 0.033016
v -0.643328 1.107603 0.051128
v -0.640940 1.111824 0.079820
v -0.613751 1.103697 0.105144
v -0.603939 1.168547 0.106206
v -0.609785 1.132092 0.134049
v -0.589351 1.124173 0.114029
v -0.649148 1.174983 0.077436
v -0.635345 1.157936 0.033281
v -0.624341 1.145619 0.030617
v -0.611165 1.115090 0.071785
v -0.693438 1.120359 0.126367
v -0.693183 1.114439 0.059376
v -0.674355 1.142895 0.054086
v -0.645596 1.170677 0.050902
v -0.644913 1.165401 0.105335
v -0.673046 1.141305 0.117281
v -0.718131 1.088245 0.132701
v -0.721086 1.090014 0.113438
v -0.708670 1.081080 0.107005
v -0.703631 1.077319 0.129643
v -0.704686 1.080510 0.071233
v -0.700447 1.082099 0.091879
v -0.719366 1.085206 0.091755
v -0.718606 1.084112 0.074439
v -0.704558 1.089844 0.166750
v -0.713096 1.094440 0.148828
v -0.702570 1.082095 0.143163
v -0.694998 1.080553 0.157087
v -0.701420 1.087435 0.042580
v -0.689913 1.080609 0.042569
v -0.690724 1.081635 0.058711
v -0.701823 1.088850 0.056386
v -0.726185 1.017114 0.138942
v -0.730530 1.018667 0.125260
v -0.718920 1.021109 0.118147
v -0.714731 1.019007 0.131724
v -0.705726 1.029035 0.080302
v -0.705202 1.028186 0.097236
v -0.716649 1.022468 0.098149
v -0.713712 1.020773 0.085439
v -0.730024 1.035772 0.178026
v -0.735936 1.036677 0.165027
v -0.727377 1.031872 0.160391
v -0.719897 1.030879 0.171870
v -0.693239 1.040418 0.054921
v -0.683902 1.047919 0.050109
v -0.687284 1.048764 0.063739
v -0.694357 1.045378 0.065618
v -0.728265 1.048899 0.138702
v -0.732302 1.051376 0.120815
v -0.719271 1.046489 0.116074
v -0.712728 1.042643 0.133309
v -0.712962 1.055377 0.076997
v -0.710368 1.053003 0.094044
v -0.725569 1.047785 0.096160
v -0.724012 1.049946 0.080648
v -0.721541 1.059983 0.175521
v -0.731221 1.062105 0.158102
v -0.719154 1.056767 0.152307
v -0.710505 1.055502 0.165404
v -0.702032 1.065582 0.046589
v -0.688717 1.063693 0.046298
v -0.690766 1.064460 0.060929
v -0.702871 1.066077 0.060568
v -0.579918 1.196861 0.080694
v -0.596190 1.215911 0.078879
v -0.606529 1.222828 0.057756
v -0.608146 1.210062 0.031307
v -0.601257 1.186210 0.017228
v -0.589146 1.171232 0.023749
v -0.579663 1.171371 0.039399
v -0.575711 1.182912 0.061244
v -0.627324 1.083574 0.135131
v -0.610956 1.071336 0.120214
v -0.598522 1.074301 0.134657
v -0.616890 1.082799 0.148230
v -0.624051 1.056620 0.143722
v -0.613026 1.050137 0.134997
v -0.603157 1.048842 0.144600
v -0.616490 1.055799 0.152324
v -0.590380 1.152037 0.072999
v -0.637805 1.147020 0.128108
v -0.639280 1.112631 0.138673
v -0.638997 1.106113 0.110745
v -0.616316 1.131041 0.046249
v -0.375806 1.335736 0.049900
v -0.396148 1.362645 0.025684
v -0.395819 1.366859 -0.015672
v -0.386644 1.355947 -0.056907
v -0.365747 1.328277 -0.066333
v -0.348225 1.305784 -0.037850
v -0.354102 1.302165 0.000552
v -0.360613 1.315674 0.027241
v -0.538565 1.228482 0.062960
v -0.554626 1.249921 0.057094
v -0.564275 1.259510 0.032223
v -0.560652 1.244950 0.004168
v -0.551158 1.219251 -0.009448
v -0.538205 1.198605 0.000184
v -0.535190 1.199405 0.024945
v -0.533842 1.211318 0.049918
v -0.141421 1.019043 -0.068520
v -0.134912 1.017911 0.080879
v -0.160185 1.044755 0.005116
v -0.074112 0.955623 0.113208
v -0.011728 0.902027 -0.016397
v -0.079186 0.989650 -0.130295
v -0.025106 0.922376 -0.102183
v -0.020793 0.878840 0.084183
v -0.047571 1.815900 -0.049915
v -0.070843 1.802164 -0.019974
v -0.072594 1.837501 0.020784
v -0.040983 1.607740 -0.070827
v -0.036839 1.727986 -0.046299
v -0.090328 1.604648 -0.040486
v -0.059166 1.730856 -0.022571
v -0.095919 1.587749 0.006422
v -0.073072 1.737059 0.015168
v -0.068175 1.582261 0.042194
v -0.035686 1.580216 0.066715
v -0.030555 1.636482 -0.055810
v -0.058872 1.637101 -0.031771
v -0.063479 1.629908 0.020189
v -0.049170 1.621437 0.057660
v -0.023723 1.614566 0.070136
v -0.031252 1.703151 -0.037231
v -0.051311 1.709117 -0.016163
v -0.067290 1.697854 0.032365
v -0.075354 1.768461 0.032740
v -0.041308 1.873610 0.060360
v -0.071755 1.841857 0.064464
v -0.073266 1.760065 0.071764
v -0.065970 1.731900 0.081069
v -0.071090 1.701792 0.065720
v -0.037720 1.639585 0.075267
v -0.018348 1.626373 0.085963
v -0.070060 1.729109 0.102686
v -0.062714 1.692050 0.089936
v -0.083389 1.765634 0.031077
v -0.084465 1.737239 0.015310
v -0.078358 1.703377 0.034516
v -0.069618 1.708529 0.056414
v -0.068578 1.731359 0.065243
v -0.072969 1.752649 0.060515
v -0.060224 1.680060 0.018908
v -0.066158 1.736376 0.001617
v -0.074805 1.790289 0.021346
v -0.074316 1.772466 0.092359
v -0.066618 1.674929 0.052123
v -0.066689 1.692879 0.048715
v -0.072654 1.700911 0.046479
v -0.075202 1.734069 0.039268
v -0.079646 1.763048 0.049122
v -0.074958 1.769608 0.052749
v -0.078468 1.795363 0.059507
v -0.046587 1.764452 -0.059186
v -0.067874 1.760047 -0.027408
v -0.075485 1.754244 0.017617
v -0.067580 1.716993 0.023575
v -0.072714 1.745059 0.078104
v -0.067701 1.717064 0.077128
v -0.073844 1.746909 0.098081
v -0.084876 1.753491 0.016488
v -0.080538 1.719059 0.023614
v -0.069236 1.719778 0.062801
v -0.069042 1.742232 0.064574
v -0.059559 1.713182 0.008081
v -0.072024 1.758653 0.004104
v -0.073514 1.721731 0.041511
v -0.076157 1.745862 0.039781
v -0.083793 1.759810 0.032403
v -0.084890 1.750522 0.025330
v -0.083322 1.736387 0.024644
v -0.080584 1.721752 0.030769
v -0.079692 1.710709 0.036940
v -0.075736 1.710801 0.045541
v -0.072389 1.712815 0.052264
v -0.070843 1.720528 0.052264
v -0.070588 1.731493 0.052059
v -0.072258 1.741687 0.052689
v -0.074031 1.748834 0.053166
v -0.077544 1.755529 0.044253
v -0.068649 1.832388 -0.011486
v -0.040548 1.853296 -0.024832
v -0.049163 1.680056 -0.017073
v -0.029430 1.674912 -0.041788
v -0.056976 1.653604 0.061665
v -0.045979 1.200452 -0.065385
v -0.059545 1.200158 0.141999
v -0.114431 1.219127 0.103747
v -0.146269 1.215430 0.018293
v -0.112397 1.202490 -0.053850
v -0.064102 1.069605 -0.085143
v -0.072681 1.042116 0.127648
v -0.132463 1.083497 0.082013
v -0.156894 1.098825 0.008191
v -0.125931 1.083051 -0.057162
v -0.212389 0.482025 0.006889
v -0.168457 0.473413 0.021776
v -0.151081 0.561701 0.059546
v -0.192196 0.570037 0.046946
v -0.222983 0.567387 -0.003979
v -0.231769 0.521032 -0.022406
v -0.205436 0.563530 -0.058965
v -0.215935 0.527567 -0.075488
v -0.167944 0.555499 -0.097479
v -0.181337 0.531590 -0.096908
v -0.134921 0.466750 -0.004841
v -0.124844 0.556850 0.040082
v -0.105521 0.480663 -0.069919
v -0.121090 0.524174 -0.089983
v -0.123638 0.549165 -0.084615
v -0.108656 0.536402 -0.051531
v -0.308247 0.055738 -0.084132
v -0.274494 0.130034 -0.095565
v -0.253581 0.124051 -0.127298
v -0.275807 0.057876 -0.119867
v -0.259907 0.064919 -0.174672
v -0.231809 0.131844 -0.151368
v -0.183007 0.069296 -0.166185
v -0.200357 0.131701 -0.142809
v -0.194188 0.114578 -0.102959
v -0.197872 0.061984 -0.111138
v -0.208840 0.092881 -0.044406
v -0.201693 0.141593 -0.054053
v -0.225994 0.206899 -0.037297
v -0.208355 0.279678 -0.034489
v -0.243475 0.283854 -0.052614
v -0.254674 0.209787 -0.053294
v -0.256835 0.282387 -0.094638
v -0.259113 0.204225 -0.096728
v -0.246787 0.285945 -0.142963
v -0.243580 0.190858 -0.144396
v -0.203594 0.298370 -0.153988
v -0.227526 0.198370 -0.146057
v -0.171783 0.279319 -0.043456
v -0.197950 0.200399 -0.050160
v -0.191968 0.196841 -0.134347
v -0.159365 0.294005 -0.139172
v -0.152073 0.273463 -0.094079
v -0.179788 0.191775 -0.102257
v -0.238505 0.120148 -0.026340
v -0.226983 0.149837 -0.046682
v -0.269968 0.149551 -0.059824
v -0.294003 0.104554 -0.040262
v -0.144252 0.624340 0.069364
v -0.196355 0.635328 0.053034
v -0.229338 0.620874 0.013111
v -0.211940 0.607261 -0.059733
v -0.170648 0.600286 -0.084635
v -0.107531 0.614454 0.044031
v -0.109470 0.590284 -0.073243
v -0.081022 0.600247 -0.038721
v -0.222544 0.424845 -0.003691
v -0.186125 0.417044 0.012845
v -0.259117 0.426251 -0.059563
v -0.239658 0.425283 -0.112119
v -0.195068 0.436177 -0.151277
v -0.141186 0.408758 -0.018546
v -0.114635 0.423400 -0.135214
v -0.103653 0.404924 -0.084861
v -0.298188 0.077819 -0.006769
v -0.317635 0.048504 0.040879
v -0.355990 0.029642 0.001907
v -0.340901 0.047128 -0.042575
v -0.342588 0.001054 -0.048784
v -0.222725 0.000000 0.011770
v -0.225105 0.062958 0.023031
v -0.239766 0.044001 0.064124
v -0.254633 0.083989 0.008877
v -0.281650 0.051484 0.060901
v -0.188962 0.019152 -0.158982
v -0.252460 0.019824 -0.178026
v -0.282135 0.008228 -0.144026
v -0.308847 0.006365 -0.087208
v -0.232927 0.028540 -0.055916
v -0.205915 0.006927 -0.121062
v -0.233862 0.353332 -0.024611
v -0.200941 0.347201 -0.006908
v -0.265094 0.354456 -0.080531
v -0.247364 0.353999 -0.130969
v -0.201070 0.366427 -0.163956
v -0.155171 0.337271 -0.033299
v -0.120214 0.334464 -0.092840
v -0.129441 0.354997 -0.146330
v -0.129514 0.707087 0.095684
v -0.187456 0.718728 0.076942
v -0.108547 0.800578 0.115565
v -0.172239 0.812816 0.094321
v -0.223308 0.715163 0.016668
v -0.210984 0.821571 0.014140
v -0.206873 0.703656 -0.061963
v -0.196938 0.810402 -0.069183
v -0.158490 0.695899 -0.092423
v -0.144893 0.798504 -0.103015
v -0.084727 0.691494 0.067408
v -0.057424 0.780219 0.084474
v -0.090300 0.685669 -0.075571
v -0.057209 0.688536 -0.020788
v -0.071154 0.784213 -0.081836
v -0.031475 0.781516 -0.009932
v -0.082182 0.903531 0.109184
v -0.145630 0.938230 0.085700
v -0.179031 0.946291 0.009150
v -0.166818 0.930102 -0.071055
v -0.114960 0.899247 -0.108520
v -0.038418 0.853183 0.080265
v -0.051956 0.864176 -0.083122
v -0.022230 0.847312 -0.011959
v -0.313420 0.003455 0.005765
v -0.273790 0.002764 0.020652
v -0.061287 1.729770 0.131181
v -0.057979 1.746692 0.128355
v -0.053232 1.665895 0.098008
v -0.044506 1.669418 0.131873
v -0.049745 1.688708 0.127759
v -0.033894 1.723045 0.158710
v -0.035175 1.742456 0.147687
v -0.058096 1.710828 0.130255
v -0.062470 1.712929 0.099646
v -0.028498 1.679147 0.156213
v -0.030978 1.701938 0.161071
v -0.053931 1.768733 0.129861
v -0.054543 1.795384 0.129400
v -0.064349 1.814921 0.108220
v -0.028222 1.662466 0.149046
v -0.029729 1.813569 0.147018
v -0.033221 1.762481 0.158144
v -0.039832 1.845927 0.118745
v -0.039797 1.652168 0.130570
v -0.042460 1.643640 0.106065
v -0.019888 1.622157 0.117854
v -0.022036 1.634164 0.140971
v -0.321109 1.371167 0.050014
v -0.350362 1.397925 0.024709
v -0.353794 1.407512 -0.020137
v -0.343657 1.393347 -0.066809
v -0.311806 1.359893 -0.076275
v -0.275645 1.351905 -0.038098
v -0.276879 1.356619 -0.000993
v -0.287936 1.363057 0.028407
v -0.419437 1.304410 0.030341
v -0.466967 1.312148 0.028548
v -0.479243 1.327091 -0.004239
v -0.460942 1.310212 -0.049689
v -0.442884 1.285044 -0.060884
v -0.429680 1.253272 -0.032770
v -0.429832 1.242637 0.003897
v -0.404414 1.281949 0.025190
v -0.332219 0.043226 0.090186
v -0.353072 0.030576 0.065371
v -0.279858 0.043659 0.104988
v -0.303653 0.045635 0.102935
v -0.330507 0.010040 0.093513
v -0.353231 0.009018 0.063732
v -0.276455 0.008385 0.103157
v -0.305847 0.009850 0.106373
v -0.321809 0.005977 0.038188
v -0.356164 0.004836 -0.000788
v -0.238144 0.003934 0.060881
v -0.274661 0.004608 0.047721
v 0.051679 1.268876 -0.098167
v 0.131928 1.263838 -0.079319
v 0.161607 1.352472 -0.099661
v 0.070400 1.349355 -0.125211
v 0.068599 1.284296 0.151769
v -0.000000 1.291252 0.163728
v -0.000000 1.357436 0.157540
v 0.077622 1.354354 0.156775
v 0.058204 1.580212 -0.090921
v -0.000000 1.565489 -0.083321
v -0.000000 1.512110 -0.106164
v 0.072544 1.527442 -0.115884
v 0.078174 1.439993 -0.124613
v 0.156441 1.440403 -0.120508
v 0.152033 1.538475 -0.099052
v -0.000000 1.196553 -0.053132
v 0.045979 1.200452 -0.065385
v -0.000000 1.276763 -0.079011
v 0.079182 1.433539 0.138970
v -0.000000 1.423628 0.144430
v -0.000000 1.483981 0.118894
v 0.054372 1.510083 0.107161
v 0.126389 1.143570 0.086444
v 0.068558 1.100476 0.133963
v 0.059545 1.200158 0.141999
v 0.114431 1.219127 0.103747
v 0.118974 1.148633 -0.050694
v 0.154456 1.158491 0.013374
v 0.146269 1.215430 0.018293
v 0.112396 1.202490 -0.053850
v 0.168663 1.279933 0.014744
v 0.178938 1.349779 0.007748
v 0.041308 1.873610 0.060360
v 0.071755 1.841857 0.064464
v 0.064349 1.814921 0.108220
v 0.039832 1.845927 0.118745
v 0.141036 1.291787 0.113077
v 0.298124 1.442587 0.030205
v 0.256045 1.410705 0.057402
v 0.203052 1.440820 0.069220
v 0.227307 1.509750 0.047572
v 0.307725 1.458504 -0.027286
v 0.248604 1.533489 -0.039806
v 0.293984 1.438652 -0.082364
v 0.245073 1.485452 -0.101992
v 0.252212 1.398326 -0.086777
v 0.210602 1.427775 -0.093752
v 0.214034 1.386431 -0.048702
v 0.200879 1.392819 -0.053174
v 0.217996 1.391971 -0.003919
v 0.182791 1.409750 -0.006621
v 0.221851 1.396631 0.036015
v 0.191343 1.408148 0.042268
v 0.375806 1.335736 0.049900
v 0.321109 1.371167 0.050014
v 0.350362 1.397925 0.024709
v 0.396148 1.362645 0.025684
v 0.395819 1.366859 -0.015672
v 0.353794 1.407512 -0.020137
v 0.386644 1.355947 -0.056907
v 0.343656 1.393347 -0.066809
v 0.311806 1.359893 -0.076275
v 0.365747 1.328277 -0.066333
v 0.275645 1.351905 -0.038098
v 0.348225 1.305784 -0.037850
v 0.276879 1.356619 -0.000993
v 0.354102 1.302165 0.000552
v 0.360613 1.315674 0.027241
v 0.287936 1.363057 0.028407
v 0.488608 1.259598 0.050594
v 0.452331 1.282698 0.035723
v 0.466967 1.312148 0.028548
v 0.507548 1.287342 0.045520
v 0.520332 1.301704 0.009787
v 0.479243 1.327091 -0.004239
v 0.508843 1.280510 -0.030341
v 0.460941 1.310212 -0.049689
v 0.442884 1.285044 -0.060884
v 0.489648 1.247119 -0.044926
v 0.429680 1.253272 -0.032770
v 0.470113 1.219739 -0.023884
v 0.429832 1.242637 0.003897
v 0.471479 1.219386 0.012462
v 0.438187 1.259672 0.031220
v 0.476581 1.236086 0.041635
v 0.538565 1.228482 0.062960
v 0.554626 1.249921 0.057094
v 0.564275 1.259510 0.032223
v 0.560651 1.244950 0.004168
v 0.551158 1.219251 -0.009448
v 0.538204 1.198605 0.000184
v 0.535190 1.199405 0.024945
v 0.533842 1.211318 0.049918
v 0.123089 1.588262 -0.061089
v 0.170418 1.568239 -0.029238
v 0.140197 1.576557 -0.006752
v 0.140530 1.538672 0.047073
v 0.098958 1.553965 0.037725
v 0.040979 1.539341 0.073965
v 0.070843 1.802164 -0.019974
v 0.068649 1.832388 -0.011486
v 0.040547 1.853296 -0.024832
v 0.047571 1.815900 -0.049915
v -0.000000 1.351517 -0.112933
v -0.000000 1.436419 -0.123834
v 0.147684 1.450951 0.097031
v 0.166476 1.365239 0.088298
v -0.000000 1.203226 0.145743
v -0.000000 1.853842 0.123647
v -0.000000 1.879600 0.063672
v -0.000000 1.524300 0.081147
v -0.000000 1.859117 -0.029453
v -0.000000 1.821101 -0.059104
v 0.649148 1.174983 0.077436
v 0.644913 1.165401 0.105335
v 0.619536 1.193004 0.093397
v 0.628113 1.203159 0.069365
v 0.631036 1.193881 0.044253
v 0.645596 1.170677 0.050902
v 0.622416 1.171626 0.031091
v 0.635345 1.157936 0.033281
v 0.611207 1.159503 0.032715
v 0.624341 1.145619 0.030617
v 0.616316 1.131041 0.046249
v 0.600458 1.153049 0.045216
v 0.589351 1.124173 0.114029
v 0.590380 1.152037 0.072999
v 0.603939 1.168547 0.106206
v 0.609785 1.132092 0.134049
v 0.673046 1.141305 0.117281
v 0.677313 1.145994 0.085234
v 0.697485 1.121661 0.093001
v 0.693437 1.120359 0.126367
v 0.674355 1.142895 0.054086
v 0.663149 1.132024 0.033497
v 0.685055 1.110472 0.039607
v 0.693183 1.114439 0.059376
v 0.649350 1.117209 0.033016
v 0.672172 1.097112 0.038546
v 0.643328 1.107603 0.051128
v 0.678810 1.092594 0.061782
v 0.640939 1.111824 0.079820
v 0.685062 1.098372 0.091982
v 0.718920 1.021109 0.118147
v 0.714731 1.019007 0.131724
v 0.726185 1.017114 0.138942
v 0.730530 1.018667 0.125260
v 0.637805 1.147020 0.128108
v 0.630646 1.117758 0.133529
v 0.613026 1.050137 0.134997
v 0.603157 1.048842 0.144600
v 0.616490 1.055799 0.152324
v 0.624051 1.056620 0.143722
v 0.611164 1.115090 0.071785
v 0.613751 1.103697 0.105144
v 0.713712 1.020773 0.085439
v 0.705726 1.029035 0.080302
v 0.705202 1.028186 0.097236
v 0.716649 1.022468 0.098149
v 0.655471 1.130736 0.138574
v 0.677236 1.117567 0.148460
v 0.727377 1.031872 0.160391
v 0.719897 1.030879 0.171870
v 0.730024 1.035772 0.178026
v 0.735936 1.036677 0.165027
v 0.687284 1.048764 0.063739
v 0.694357 1.045378 0.065618
v 0.693239 1.040418 0.054921
v 0.683902 1.047919 0.050109
v 0.721086 1.090014 0.113438
v 0.718131 1.088245 0.132701
v 0.708670 1.081080 0.107005
v 0.703631 1.077319 0.129643
v 0.680289 1.095633 0.123119
v 0.700447 1.082099 0.091879
v 0.704686 1.080510 0.071233
v 0.719366 1.085206 0.091755
v 0.718605 1.084112 0.074439
v 0.713096 1.094440 0.148828
v 0.704558 1.089844 0.166750
v 0.702570 1.082095 0.143163
v 0.694998 1.080553 0.157087
v 0.664321 1.100866 0.143581
v 0.689913 1.080609 0.042569
v 0.701420 1.087435 0.042580
v 0.690723 1.081635 0.058711
v 0.701823 1.088850 0.056386
v 0.728265 1.048899 0.138702
v 0.732302 1.051376 0.120815
v 0.719271 1.046489 0.116074
v 0.712728 1.042643 0.133309
v 0.710368 1.053003 0.094044
v 0.712962 1.055377 0.076997
v 0.725569 1.047785 0.096160
v 0.724012 1.049946 0.080648
v 0.731221 1.062105 0.158102
v 0.721541 1.059983 0.175521
v 0.719154 1.056767 0.152307
v 0.710505 1.055502 0.165404
v 0.688717 1.063693 0.046298
v 0.702032 1.065582 0.046589
v 0.690766 1.064460 0.060929
v 0.702871 1.066077 0.060568
v 0.579918 1.196861 0.080694
v 0.596190 1.215911 0.078879
v 0.606529 1.222828 0.057756
v 0.608146 1.210062 0.031307
v 0.601257 1.186210 0.017228
v 0.589146 1.171232 0.023749
v 0.579663 1.171371 0.039399
v 0.575711 1.182912 0.061244
v 0.610956 1.071336 0.120214
v 0.627324 1.083574 0.135131
v 0.598522 1.074301 0.134657
v 0.616889 1.082799 0.148230
v 0.639280 1.112631 0.138673
v 0.638997 1.106113 0.110745
v 0.419437 1.304410 0.030341
v 0.433382 1.334182 0.020088
v 0.444051 1.346583 -0.012993
v 0.414751 1.338665 -0.055519
v 0.397069 1.311803 -0.065289
v 0.388590 1.281606 -0.036905
v 0.395993 1.264652 -0.000848
v 0.404414 1.281949 0.025190
v 0.064102 1.069605 -0.085143
v -0.000000 1.062475 -0.089658
v -0.000000 1.001935 -0.113644
v 0.079186 0.989650 -0.130295
v 0.072681 1.042116 0.127648
v 0.132463 1.083497 0.082013
v 0.134912 1.017911 0.080879
v 0.074112 0.955623 0.113208
v 0.156894 1.098825 0.008191
v 0.160185 1.044755 0.005116
v 0.125931 1.083051 -0.057162
v 0.141421 1.019043 -0.068520
v -0.000000 1.034576 0.142710
v -0.000000 0.943299 0.115996
v 0.020793 0.878840 0.084183
v 0.082182 0.903531 0.109184
v 0.038418 0.853183 0.080265
v -0.000000 0.946228 -0.095213
v -0.000000 0.909666 -0.015587
v 0.011728 0.902027 -0.016397
v 0.025106 0.922376 -0.102183
v -0.000000 0.882495 0.097020
v 0.145630 0.938230 0.085700
v 0.179031 0.946291 0.009150
v 0.166818 0.930102 -0.071055
v 0.114960 0.899247 -0.108520
v 0.051956 0.864176 -0.083122
v 0.022230 0.847312 -0.011959
v 0.042460 1.643640 0.106065
v 0.037720 1.639585 0.075267
v 0.018348 1.626373 0.085963
v 0.019888 1.622157 0.117854
v -0.000000 1.620153 0.087608
v -0.000000 1.616814 0.122916
v -0.000000 1.770878 -0.067257
v -0.000000 1.728043 -0.053769
v 0.036839 1.727986 -0.046299
v 0.046587 1.764452 -0.059186
v -0.000000 1.670415 -0.046105
v -0.000000 1.632265 -0.056242
v 0.030555 1.636482 -0.055810
v 0.029430 1.674912 -0.041788
v 0.040983 1.607740 -0.070827
v -0.000000 1.599171 -0.068209
v 0.059166 1.730856 -0.022571
v 0.067874 1.760047 -0.027408
v 0.058872 1.637101 -0.031771
v 0.049163 1.680056 -0.017073
v 0.090328 1.604648 -0.040486
v 0.072024 1.758653 0.004104
v 0.074805 1.790289 0.021346
v 0.063479 1.629908 0.020189
v 0.060224 1.680060 0.018908
v 0.095919 1.587749 0.006422
v 0.068175 1.582261 0.042194
v 0.035686 1.580216 0.066715
v -0.000000 1.573252 0.073625
v 0.049170 1.621437 0.057660
v 0.023723 1.614566 0.070136
v -0.000000 1.605631 0.075720
v 0.051311 1.709117 -0.016163
v 0.059559 1.713182 0.008081
v 0.066158 1.736376 0.001617
v -0.000000 1.877491 0.013293
v 0.040643 1.871540 0.015505
v 0.072594 1.837501 0.020784
v 0.078468 1.795363 0.059507
v 0.084890 1.750522 0.025330
v 0.076157 1.745862 0.039781
v 0.077544 1.755529 0.044253
v 0.083793 1.759810 0.032403
v 0.080584 1.721752 0.030769
v 0.073514 1.721731 0.041511
v 0.075202 1.734069 0.039268
v 0.083322 1.736387 0.024644
v 0.066618 1.674929 0.052123
v 0.056976 1.653604 0.061665
v 0.072714 1.745059 0.078104
v 0.073844 1.746909 0.098081
v 0.074316 1.772466 0.092359
v 0.073266 1.760065 0.071764
v 0.053232 1.665895 0.098008
v 0.062714 1.692050 0.089936
v 0.067701 1.717064 0.077128
v 0.062470 1.712929 0.099646
v 0.070060 1.729109 0.102686
v 0.065970 1.731900 0.081069
v 0.083389 1.765634 0.031077
v 0.075354 1.768461 0.032740
v 0.075485 1.754244 0.017617
v 0.084875 1.753491 0.016488
v 0.080538 1.719059 0.023614
v 0.084465 1.737239 0.015310
v 0.073072 1.737059 0.015168
v 0.067580 1.716993 0.023575
v 0.072654 1.700911 0.046479
v 0.078358 1.703377 0.034516
v 0.067290 1.697854 0.032365
v 0.066689 1.692879 0.048715
v 0.069618 1.708529 0.056414
v 0.071090 1.701792 0.065720
v 0.069236 1.719778 0.062801
v 0.068578 1.731359 0.065243
v 0.069042 1.742232 0.064574
v 0.079646 1.763048 0.049122
v 0.074958 1.769608 0.052749
v 0.075736 1.710801 0.045541
v 0.072389 1.712815 0.052264
v 0.070843 1.720528 0.052264
v 0.072258 1.741687 0.052689
v 0.070588 1.731493 0.052059
v 0.072969 1.752649 0.060515
v -0.000000 1.700349 -0.044350
v 0.031252 1.703151 -0.037231
v 0.079692 1.710709 0.036940
v 0.074031 1.748834 0.053166
v -0.000000 1.126657 -0.059904
v 0.054304 1.136727 -0.068530
v -0.000000 1.098083 0.148862
v 0.212389 0.482025 0.006889
v 0.168457 0.473413 0.021776
v 0.151081 0.561701 0.059546
v 0.192196 0.570037 0.046946
v 0.222983 0.567387 -0.003979
v 0.231769 0.521032 -0.022406
v 0.205436 0.563530 -0.058965
v 0.215935 0.527567 -0.075488
v 0.167944 0.555499 -0.097479
v 0.181337 0.531590 -0.096908
v 0.134921 0.466750 -0.004841
v 0.124844 0.556850 0.040082
v 0.105521 0.480663 -0.069919
v 0.121090 0.524174 -0.089983
v 0.123638 0.549165 -0.084615
v 0.108656 0.536402 -0.051531
v 0.308247 0.055738 -0.084132
v 0.274494 0.130034 -0.095565
v 0.253581 0.124051 -0.127298
v 0.275807 0.057876 -0.119867
v 0.259907 0.064919 -0.174672
v 0.231809 0.131844 -0.151368
v 0.183007 0.069296 -0.166185
v 0.200357 0.131701 -0.142809
v 0.194188 0.114578 -0.102959
v 0.197872 0.061984 -0.111138
v 0.208840 0.092881 -0.044406
v 0.201693 0.141593 -0.054053
v 0.225993 0.206899 -0.037297
v 0.208355 0.279678 -0.034489
v 0.243475 0.283854 -0.052614
v 0.254674 0.209787 -0.053294
v 0.256835 0.282387 -0.094638
v 0.259113 0.204225 -0.096728
v 0.246787 0.285945 -0.142963
v 0.243580 0.190858 -0.144396
v 0.203594 0.298370 -0.153988
v 0.227526 0.198370 -0.146057
v 0.171783 0.279319 -0.043456
v 0.197950 0.200399 -0.050160
v 0.191968 0.196841 -0.134347
v 0.159365 0.294005 -0.139172
v 0.152073 0.273463 -0.094079
v 0.179788 0.191775 -0.102257
v 0.238505 0.120148 -0.026340
v 0.226983 0.149837 -0.046682
v 0.269968 0.149551 -0.059824
v 0.294003 0.104554 -0.040262
v 0.144252 0.624340 0.069364
v 0.196355 0.635328 0.053034
v 0.229338 0.620874 0.013111
v 0.211940 0.607261 -0.059733
v 0.170648 0.600286 -0.084635
v 0.107531 0.614454 0.044031
v 0.109470 0.590284 -0.073243
v 0.081022 0.600247 -0.038721
v 0.222544 0.424845 -0.003691
v 0.186125 0.417044 0.012845
v 0.259117 0.426251 -0.059563
v 0.239658 0.425283 -0.112119
v 0.195068 0.436177 -0.151277
v 0.141185 0.408758 -0.018546
v 0.114635 0.423400 -0.135214
v 0.103653 0.404924 -0.084861
v 0.355990 0.029642 0.001907
v 0.340901 0.047128 -0.042575
v 0.342588 0.001054 -0.048784
v 0.356164 0.004836 -0.000788
v 0.222724 0.000000 0.011770
v 0.225105 0.062958 0.023031
v 0.239766 0.044001 0.064124
v 0.238144 0.003934 0.060881
v 0.254633 0.083989 0.008877
v 0.281650 0.051484 0.060901
v 0.188962 0.019152 -0.158982
v 0.252460 0.019824 -0.178026
v 0.282134 0.008228 -0.144026
v 0.308847 0.006365 -0.087208
v 0.232927 0.028540 -0.055916
v 0.205915 0.006927 -0.121062
v 0.233862 0.353332 -0.024611
v 0.200941 0.347201 -0.006908
v 0.265094 0.354456 -0.080531
v 0.247364 0.353999 -0.130969
v 0.201070 0.366427 -0.163956
v 0.155171 0.337271 -0.033299
v 0.120214 0.334464 -0.092840
v 0.129441 0.354997 -0.146330
v 0.129514 0.707087 0.095684
v 0.187456 0.718728 0.076942
v 0.108547 0.800578 0.115565
v 0.172239 0.812816 0.094321
v 0.223308 0.715163 0.016668
v 0.210984 0.821571 0.014140
v 0.206873 0.703656 -0.061963
v 0.196937 0.810402 -0.069183
v 0.158490 0.695899 -0.092423
v 0.144893 0.798504 -0.103015
v 0.084727 0.691494 0.067408
v 0.057424 0.780219 0.084474
v 0.090300 0.685669 -0.075571
v 0.057209 0.688536 -0.020788
v 0.071154 0.784213 -0.081836
v 0.031475 0.781516 -0.009932
v 0.317635 0.048504 0.040879
v 0.298188 0.077819 -0.006769
v 0.321809 0.005977 0.038188
v 0.313420 0.003455 0.005765
v 0.273790 0.002764 0.020652
v 0.274661 0.004608 0.047721
v 0.061287 1.729770 0.131181
v 0.057979 1.746692 0.128355
v 0.044506 1.669418 0.131873
v 0.049745 1.688708 0.127759
v 0.033894 1.723045 0.158710
v -0.000000 1.721050 0.163989
v -0.000000 1.737954 0.159760
v 0.035174 1.742456 0.147687
v 0.058096 1.710828 0.130255
v 0.028498 1.679147 0.156213
v -0.000000 1.673533 0.161635
v -0.000000 1.698767 0.170593
v 0.030978 1.701938 0.161071
v 0.053931 1.768733 0.129861
v 0.054543 1.795384 0.129400
v 0.028222 1.662466 0.149046
v -0.000000 1.656721 0.153708
v 0.029729 1.813569 0.147018
v 0.033221 1.762481 0.158144
v -0.000000 1.820894 0.150971
v -0.000000 1.759697 0.166103
v 0.039797 1.652168 0.130570
v 0.022036 1.634164 0.140971
v -0.000000 1.631011 0.152384
v 0.353231 0.009018 0.063732
v 0.353072 0.030576 0.065371
v 0.279858 0.043659 0.104988
v 0.276455 0.008385 0.103157
v 0.303652 0.045635 0.102935
v 0.332219 0.043226 0.090186
v 0.305846 0.009850 0.106373
v 0.330507 0.010040 0.093513
vn -0.617586 0.125662 -0.776399
vn -0.304158 0.529278 -0.792056
vn -0.808928 0.016811 0.587667
vn -0.317617 0.674461 0.666500
vn -0.631281 -0.396540 -0.666514
vn -0.678084 -0.347219 -0.647797
vn -0.292913 -0.069051 -0.953642
vn -0.504185 0.205583 0.838769
vn -0.811850 -0.109308 0.573543
vn -0.783357 -0.201515 0.588000
vn -0.993140 0.097197 -0.065000
vn -0.442422 0.895947 0.039271
vn -0.953543 -0.301228 0.004098
vn -0.959342 -0.280944 0.027089
vn -0.344704 -0.065879 0.936397
vn -0.464225 0.562025 0.684561
vn -0.606993 0.792133 -0.063914
vn -0.413304 0.350248 -0.840539
vn -0.181854 -0.334509 -0.924680
vn -0.280319 -0.867342 -0.411265
vn -0.384206 -0.914921 0.123710
vn -0.406326 -0.708036 0.577567
vn -0.089835 -0.210812 0.973390
vn -0.570393 0.511543 0.642632
vn -0.749005 0.660283 -0.054933
vn -0.526385 0.281903 -0.802153
vn 0.092015 -0.464706 -0.880671
vn 0.448200 -0.861167 -0.239810
vn 0.459131 -0.875248 0.152120
vn 0.341070 -0.805797 0.484110
vn 0.198224 0.118062 0.973020
vn -0.361733 0.607773 0.706938
vn -0.489764 0.871018 -0.038182
vn -0.365324 0.541925 -0.756873
vn 0.064123 -0.218261 -0.973781
vn 0.459743 -0.742564 -0.487067
vn 0.582545 -0.787820 0.199951
vn 0.432541 -0.392479 0.811707
vn -0.246307 0.682225 0.688406
vn -0.692513 0.709079 0.132785
vn -0.734907 0.465785 -0.492906
vn -0.402137 0.031252 -0.915046
vn 0.208473 -0.464757 -0.860546
vn 0.666252 -0.608975 -0.430416
vn 0.248099 0.043234 0.967769
vn -0.153761 0.593724 0.789841
vn -0.604684 0.796464 0.001343
vn -0.604483 0.379149 -0.700605
vn -0.255988 -0.255557 -0.932288
vn 0.264160 -0.832791 -0.486496
vn 0.458424 -0.859106 0.227562
vn 0.428677 -0.505717 0.748656
vn -0.370211 0.840403 -0.395811
vn -0.469479 0.835379 0.285887
vn -0.384964 0.636794 0.668055
vn -0.001820 0.327192 -0.944956
vn -0.057258 0.157921 -0.985790
vn -0.413719 -0.042737 0.909401
vn -0.106336 0.606904 0.787629
vn -0.029552 0.039038 -0.998801
vn -0.015338 -0.210314 -0.977514
vn 0.039477 -0.366635 -0.929527
vn -0.257264 0.305073 0.916922
vn -0.320126 0.076900 0.944249
vn -0.332930 -0.103721 0.937230
vn -0.460905 0.864946 -0.198582
vn -0.171739 0.520521 0.836399
vn -0.009524 0.574273 -0.818608
vn 0.528363 -0.605997 0.594643
vn -0.029739 0.487650 0.872533
vn -0.848053 0.529595 0.018312
vn -0.540485 0.212728 -0.814016
vn 0.286401 -0.600687 -0.746424
vn 0.408995 -0.911908 0.033874
vn 0.319700 -0.947157 0.026187
vn 0.296927 -0.952909 -0.061629
vn -0.271834 -0.076882 0.959268
vn -0.029813 0.513041 0.857846
vn -0.728244 0.685083 0.017934
vn -0.420382 0.260999 -0.868998
vn 0.205915 -0.452354 -0.867741
vn 0.442958 -0.858153 -0.259541
vn 0.237111 -0.963597 -0.123529
vn 0.221108 -0.889140 -0.400675
vn 0.458805 0.381559 0.802441
vn 0.344454 0.343565 0.873679
vn 0.989021 -0.139617 0.048416
vn -0.723731 0.683929 0.091951
vn -0.347807 0.240092 -0.906303
vn 0.265208 -0.269697 -0.925704
vn 0.514424 -0.796435 -0.317899
vn -0.663187 0.656906 0.358688
vn -0.872531 0.410237 -0.265321
vn -0.718801 0.577396 -0.387219
vn -0.716638 0.539338 -0.442205
vn -0.423501 0.719429 0.550517
vn -0.518712 0.750596 0.409321
vn -0.422833 0.362036 0.830748
vn -0.856032 0.225620 -0.465086
vn 0.191262 -0.507239 -0.840314
vn 0.743335 -0.405108 0.532298
vn 0.379773 -0.571286 -0.727602
vn 0.573168 -0.395758 0.717533
vn -0.674805 0.290406 0.678456
vn -0.730716 0.100395 -0.675259
vn -0.017030 0.401895 0.915527
vn -0.861500 0.415934 -0.291233
vn 0.014831 -0.582538 -0.812668
vn 0.762505 -0.559411 0.325031
vn -0.662324 0.061702 -0.746673
vn 0.585723 -0.378552 -0.716678
vn 0.538797 -0.215427 0.814425
vn -0.775640 0.215123 0.593384
vn -0.303449 -0.688257 0.658955
vn -0.688674 -0.593921 -0.415916
vn 0.312082 -0.602297 -0.734740
vn 0.791232 -0.568246 0.225936
vn 0.726841 -0.445482 -0.522732
vn 0.830999 -0.230134 0.506437
vn -0.190276 -0.734336 0.651572
vn -0.332512 -0.756451 -0.563220
vn -0.377280 -0.397867 0.836278
vn -0.912073 -0.386633 -0.136521
vn -0.075809 -0.758975 -0.646692
vn 0.542129 -0.804192 0.243662
vn -0.283453 -0.872412 -0.398186
vn 0.840754 -0.459779 -0.285895
vn 0.744103 -0.105070 0.659750
vn -0.174800 -0.555031 0.813256
vn -0.451831 0.106159 0.885765
vn -0.901792 0.020626 -0.431679
vn 0.359118 -0.200243 -0.911558
vn 0.898188 -0.113256 0.424772
vn 0.531356 -0.180786 -0.827633
vn 0.755451 0.036195 0.654204
vn -0.712716 0.004131 0.701440
vn -0.744930 -0.168909 -0.645406
vn -0.121749 0.245367 0.961755
vn -0.917048 0.259400 -0.302877
vn 0.151493 -0.380334 -0.912357
vn 0.891059 -0.409576 0.195605
vn -0.709686 -0.278238 -0.647247
vn 0.718830 -0.076999 -0.690908
vn 0.640674 0.237826 0.730052
vn -0.710066 0.023585 0.703740
vn 0.541837 0.001847 0.840482
vn -0.120488 0.646067 0.753711
vn -0.612152 0.784620 0.098194
vn -0.685715 0.472333 -0.553802
vn -0.424985 -0.124280 -0.896628
vn 0.148095 -0.736414 -0.660123
vn 0.590695 -0.800919 -0.098024
vn 0.747590 -0.566885 0.346051
vn -0.986949 -0.082604 0.138232
vn -0.086734 -0.468585 -0.879151
vn 0.981460 -0.173101 0.082289
vn 0.020739 0.190615 0.981446
vn -0.847976 -0.516020 0.121079
vn -0.205829 -0.840083 -0.501891
vn 0.603924 -0.752606 0.262411
vn -0.275251 -0.352943 0.894241
vn 0.931716 -0.362765 0.017510
vn 0.000249 0.535114 0.844780
vn 0.371548 -0.491821 0.787442
vn 0.186533 -0.982159 0.023872
vn 0.581009 -0.631744 -0.513154
vn -0.083428 -0.095934 0.991885
vn -0.521871 0.633066 0.571733
vn -0.583101 0.808088 -0.083584
vn -0.428077 0.506477 -0.748486
vn 0.082946 -0.293222 -0.952440
vn 0.497271 -0.784248 -0.371048
vn 0.568967 -0.787496 0.236912
vn 0.395707 -0.631462 0.666837
vn 0.323751 -0.070278 0.943529
vn -0.178145 0.589763 0.787683
vn -0.645177 0.762940 0.040861
vn -0.673078 0.399984 -0.622076
vn -0.395817 -0.203133 -0.895581
vn 0.140460 -0.845809 -0.514664
vn 0.445772 -0.879638 0.165905
vn 0.495792 -0.628603 0.599206
vn -0.769673 0.250576 -0.587210
vn -0.752271 0.052023 0.656796
vn -0.986246 0.163865 0.021621
vn -0.208492 -0.172526 0.962687
vn 0.767964 -0.610796 -0.192766
vn -0.125841 0.096209 -0.987374
vn 0.554714 -0.450095 -0.699791
vn 0.501171 -0.624356 0.599172
vn -0.528170 0.325729 -0.784179
vn -0.926578 0.124829 -0.354782
vn -0.906815 0.404242 -0.119479
vn -0.117607 0.589656 -0.799046
vn -0.472384 -0.378120 -0.796165
vn -0.525408 0.807967 -0.266713
vn -0.844437 -0.357092 -0.399264
vn -0.651076 0.662663 0.370106
vn -0.536733 -0.246585 -0.806916
vn -0.600507 0.323351 0.731324
vn -0.354680 0.109853 0.928512
vn -0.285178 0.426566 -0.858321
vn -0.791270 0.469157 -0.392152
vn -0.965693 0.167773 0.198217
vn -0.736060 -0.105011 0.668722
vn -0.441147 -0.300303 0.845699
vn -0.498150 -0.170951 -0.850072
vn -0.863308 -0.211522 -0.458211
vn -0.792087 -0.450255 -0.412152
vn -0.846565 0.477055 -0.236105
vn -0.483124 0.855328 0.187096
vn -0.906883 0.398715 0.136344
vn -0.994637 -0.092205 0.046858
vn -0.980986 -0.194064 0.002542
vn -0.987622 -0.096289 0.123823
vn -0.761509 -0.561584 0.323616
vn -0.503268 -0.796732 0.334574
vn -0.972866 -0.198998 0.118034
vn -0.954471 -0.206652 0.215127
vn -0.874000 0.478014 -0.087327
vn -0.730691 -0.195037 -0.654257
vn -0.843338 -0.511346 -0.165246
vn -0.971516 -0.080203 0.222989
vn -0.989134 -0.077239 0.125096
vn -0.966863 -0.190014 0.170503
vn -0.979012 -0.058232 -0.195308
vn -0.913576 -0.288535 -0.286576
vn -0.995963 0.018142 -0.087909
vn -0.971370 0.016032 0.237032
vn -0.981110 -0.188003 0.045581
vn -0.932813 -0.360253 -0.008857
vn -0.891908 -0.390387 0.228252
vn -0.916580 -0.061564 0.395083
vn -0.967868 0.082266 0.237621
vn -0.982097 0.162425 0.095414
vn -0.999164 0.005219 0.040559
vn -0.522584 -0.126833 -0.843101
vn -0.912472 -0.159240 -0.376879
vn -0.643001 0.250765 -0.723648
vn -0.579195 -0.398061 -0.711394
vn -0.973596 -0.220130 -0.060441
vn -0.993419 -0.019329 0.112898
vn -0.981606 -0.054436 0.182992
vn -0.742338 0.326600 -0.585035
vn -0.738131 -0.388947 -0.551255
vn -0.986470 0.048126 0.156716
vn -0.972232 -0.211754 0.099629
vn -0.917218 -0.234665 -0.321938
vn -0.974089 -0.108344 -0.198527
vn -0.905912 0.130499 0.402856
vn -0.919560 -0.185610 0.346350
vn -0.961601 -0.125892 0.243876
vn -0.964009 -0.090525 0.249984
vn -0.953672 -0.081935 0.289477
vn -0.960694 0.001214 0.277607
vn -0.953818 -0.039283 0.297806
vn -0.908402 0.016604 0.417768
vn -0.935179 0.018385 0.353697
vn -0.963399 0.062898 0.260589
vn -0.970754 -0.057616 0.233059
vn -0.954380 -0.178917 0.239054
vn -0.937563 -0.265310 0.224913
vn -0.928314 -0.251420 0.273900
vn -0.857859 0.396974 -0.326328
vn -0.483456 0.687760 -0.541532
vn -0.874223 0.111915 -0.472450
vn -0.432778 0.198916 -0.879281
vn -0.924822 -0.317311 0.209805
vn 0.032043 -0.180611 -0.983033
vn -0.364563 -0.114455 0.924118
vn -0.787662 -0.135041 0.601127
vn -0.990351 -0.135606 -0.028581
vn -0.619841 -0.186116 -0.762337
vn -0.153895 0.353554 -0.922668
vn -0.404835 -0.102823 0.908590
vn -0.808126 -0.003006 0.589002
vn -0.993612 0.101158 -0.050028
vn -0.676414 0.243874 -0.694975
vn -0.637599 -0.104238 0.763284
vn 0.088709 -0.304710 0.948305
vn 0.103909 -0.294576 0.949962
vn -0.609423 -0.171968 0.773971
vn -0.986584 0.004848 0.163184
vn -0.972399 0.182469 0.145416
vn -0.820072 0.187684 -0.540607
vn -0.770275 0.390926 -0.503838
vn -0.208599 0.207963 -0.955635
vn -0.214018 0.370961 -0.903650
vn 0.756397 -0.260474 0.600013
vn 0.761236 -0.308939 0.570155
vn 0.999427 0.001770 0.033792
vn 0.662376 0.229072 -0.713291
vn 0.612940 0.070025 -0.787021
vn 0.983781 -0.156940 -0.086861
vn -0.849859 0.323626 -0.415939
vn -0.921904 0.247728 -0.297867
vn -0.797999 0.176137 -0.576345
vn -0.845260 0.228585 -0.482996
vn -0.454461 0.245742 -0.856199
vn -0.301692 0.227520 -0.925860
vn 0.829010 0.089014 -0.552104
vn 0.749231 0.111296 -0.652890
vn 0.993811 -0.073221 0.083542
vn 0.961233 -0.114491 0.250843
vn 0.891998 0.056801 0.448456
vn 0.771449 -0.045038 0.634696
vn -0.058586 -0.072853 0.995620
vn -0.084208 -0.189092 0.978342
vn -0.770758 -0.065097 0.633793
vn -0.804177 0.086678 0.588036
vn -0.999721 -0.010797 0.021018
vn -0.987346 0.105738 -0.118180
vn -0.731942 -0.000331 -0.681367
vn -0.723779 0.022157 -0.689676
vn -0.028603 -0.086070 -0.995878
vn -0.046362 -0.026936 -0.998562
vn 0.629110 -0.318052 0.709270
vn 0.679442 -0.202832 0.705136
vn 0.690658 -0.143288 -0.708845
vn 0.636826 -0.299353 -0.710521
vn 0.921228 -0.386811 0.041432
vn 0.971520 -0.236624 0.012599
vn 0.119255 0.604203 0.787856
vn 0.044413 0.159346 0.986223
vn -0.795537 0.344638 0.498342
vn -0.665011 0.671179 0.327536
vn 0.086724 -0.247643 0.964962
vn -0.594699 -0.142333 0.791249
vn -0.980249 -0.063637 0.187247
vn -0.824961 0.004735 -0.565169
vn -0.191847 0.052890 -0.979999
vn 0.728577 -0.333960 0.598035
vn 0.572113 -0.055377 -0.818303
vn 0.947766 -0.290105 -0.132587
vn -0.658531 -0.065478 0.749699
vn 0.048115 -0.227504 0.972588
vn -0.981771 0.140410 0.128108
vn -0.793943 0.303997 -0.526537
vn -0.224397 0.342269 -0.912413
vn 0.706084 -0.246221 0.663943
vn 0.700350 0.154116 -0.696964
vn 0.986041 -0.117360 0.118112
vn -0.531763 0.798385 0.282505
vn -0.382402 0.909695 0.161937
vn -0.869101 0.493878 -0.027338
vn -0.871392 0.431307 -0.233775
vn -0.471722 -0.826939 -0.306025
vn 0.553909 -0.831335 0.045469
vn 0.817082 0.387029 0.427301
vn 0.628258 0.562785 0.537182
vn 0.032147 0.823527 0.566365
vn -0.020629 0.950815 0.309072
vn 0.631950 -0.591034 -0.501316
vn -0.314832 -0.438974 -0.841536
vn -0.635587 -0.649854 -0.416796
vn -0.541873 -0.675823 -0.499637
vn 0.666458 -0.740359 0.087755
vn 0.625000 -0.758069 0.186297
vn -0.707276 -0.158313 0.688983
vn -0.038114 -0.299025 0.953484
vn -0.996118 0.002664 0.087988
vn -0.794180 0.111593 -0.597348
vn -0.169594 0.052653 -0.984106
vn 0.642917 -0.330109 0.691149
vn 0.935247 -0.340823 0.095668
vn 0.659231 -0.196949 -0.725690
vn 0.050829 -0.270658 0.961333
vn -0.632782 -0.075474 0.770643
vn 0.082113 -0.097369 0.991855
vn -0.646236 0.087448 0.758110
vn -0.984398 0.058866 0.165818
vn -0.976108 0.170562 0.134621
vn -0.817837 0.038798 -0.574141
vn -0.816997 0.118428 -0.564350
vn -0.170093 -0.057436 -0.983753
vn -0.150596 -0.034918 -0.987979
vn 0.713899 -0.344421 0.609690
vn 0.761022 -0.233273 0.605334
vn 0.572834 -0.145882 -0.806585
vn 0.955691 -0.266950 -0.124066
vn 0.610407 -0.163244 -0.775084
vn 0.965441 -0.231287 -0.120126
vn 0.037241 -0.022440 0.999054
vn -0.662823 0.159038 0.731691
vn -0.969303 0.225379 0.098264
vn -0.812580 0.186837 -0.552092
vn -0.197987 -0.053361 -0.978751
vn 0.766546 -0.223045 0.602211
vn 0.610131 -0.271411 -0.744363
vn 0.953896 -0.274981 -0.120283
vn -0.042388 -0.996882 0.066547
vn -0.042387 -0.996883 0.066546
vn -0.850528 -0.004160 0.525914
vn -0.809407 0.104512 0.577873
vn -0.906319 -0.360537 0.220453
vn -0.858170 -0.259189 0.443132
vn -0.877880 -0.233381 0.418162
vn -0.462028 0.206583 0.862470
vn -0.499912 0.070198 0.863227
vn -0.875176 -0.236190 0.422233
vn -0.964730 -0.199634 0.171587
vn -0.551186 -0.298857 0.779024
vn -0.537885 -0.124380 0.833792
vn -0.815814 0.043149 0.576703
vn -0.781101 0.163253 0.602685
vn -0.851562 0.278882 0.443923
vn -0.545150 -0.280503 0.790019
vn -0.488431 0.345203 0.801417
vn -0.523632 -0.018465 0.851744
vn -0.490980 0.648951 0.581207
vn -0.818774 -0.421339 0.389978
vn -0.792401 -0.591321 0.149800
vn -0.518292 -0.844833 0.132779
vn -0.584102 -0.536299 0.609269
vn -0.015087 -0.114630 0.993294
vn -0.540508 0.617673 0.571254
vn -0.699600 0.710164 -0.078911
vn -0.526704 0.380983 -0.759892
vn 0.078715 -0.408458 -0.909377
vn 0.482187 -0.837265 -0.257844
vn 0.514743 -0.829017 0.218565
vn 0.412543 -0.722029 0.555413
vn -0.024736 -0.001896 0.999692
vn -0.136223 0.613262 0.778045
vn -0.513365 0.858113 -0.009961
vn -0.470258 0.458121 -0.754309
vn -0.041250 -0.225608 -0.973344
vn 0.423900 -0.743695 -0.516939
vn 0.566866 -0.799837 0.197290
vn 0.370298 -0.491920 0.787968
vn -0.579628 0.635317 0.510298
vn -0.896756 0.355902 0.262987
vn 0.384609 0.439187 0.811905
vn -0.134155 0.691534 0.709777
vn -0.458269 -0.671389 0.582432
vn -0.826931 -0.452291 0.334093
vn 0.333428 -0.457214 0.824489
vn -0.176616 -0.669045 0.721931
vn -0.042389 -0.996882 0.066547
vn -0.725879 -0.686736 -0.038642
vn 0.569362 -0.714992 0.405726
vn -0.042388 -0.996883 0.066547
vn -0.039477 -0.366635 -0.929527
vn 0.631281 -0.396540 -0.666514
vn 0.678084 -0.347219 -0.647797
vn 0.015338 -0.210314 -0.977514
vn 0.332930 -0.103721 0.937230
vn -0.000000 -0.081098 0.996706
vn -0.000000 0.106031 0.994363
vn 0.320126 0.076901 0.944249
vn 0.009524 0.574273 -0.818608
vn 0.000000 0.421737 -0.906718
vn 0.000000 0.272709 -0.962096
vn 0.001820 0.327192 -0.944956
vn 0.029552 0.039038 -0.998801
vn 0.292913 -0.069051 -0.953642
vn 0.304158 0.529278 -0.792056
vn -0.000000 -0.148813 -0.988865
vn -0.032043 -0.180611 -0.983033
vn 0.000000 -0.346856 -0.937918
vn 0.257264 0.305073 0.916922
vn 0.000000 0.299461 0.954109
vn 0.000000 0.552303 0.833643
vn 0.106336 0.606904 0.787629
vn 0.808928 0.016811 0.587667
vn 0.413719 -0.042736 0.909401
vn 0.364563 -0.114455 0.924118
vn 0.787662 -0.135041 0.601127
vn 0.617586 0.125662 -0.776399
vn 0.993140 0.097197 -0.065000
vn 0.990351 -0.135606 -0.028581
vn 0.619841 -0.186116 -0.762337
vn 0.953543 -0.301228 0.004098
vn 0.959342 -0.280944 0.027089
vn 0.483124 0.855328 0.187097
vn 0.906883 0.398715 0.136344
vn 0.851561 0.278882 0.443923
vn 0.490980 0.648951 0.581207
vn 0.783357 -0.201515 0.588000
vn 0.570393 0.511543 0.642632
vn 0.089835 -0.210812 0.973390
vn 0.344704 -0.065878 0.936397
vn 0.464225 0.562025 0.684561
vn 0.749005 0.660283 -0.054933
vn 0.606993 0.792132 -0.063914
vn 0.526385 0.281903 -0.802153
vn 0.413304 0.350248 -0.840539
vn -0.092014 -0.464706 -0.880671
vn 0.181854 -0.334508 -0.924680
vn -0.448200 -0.861167 -0.239810
vn 0.280320 -0.867342 -0.411265
vn -0.459131 -0.875248 0.152120
vn 0.384206 -0.914921 0.123710
vn -0.341070 -0.805797 0.484109
vn 0.406326 -0.708036 0.577567
vn 0.083427 -0.095934 0.991885
vn 0.015087 -0.114630 0.993294
vn 0.540508 0.617673 0.571254
vn 0.521871 0.633065 0.571734
vn 0.583102 0.808088 -0.083584
vn 0.699600 0.710164 -0.078911
vn 0.428077 0.506477 -0.748486
vn 0.526704 0.380982 -0.759892
vn -0.078715 -0.408458 -0.909377
vn -0.082946 -0.293222 -0.952440
vn -0.482187 -0.837265 -0.257844
vn -0.497271 -0.784248 -0.371047
vn -0.514743 -0.829017 0.218565
vn -0.568967 -0.787496 0.236912
vn -0.395707 -0.631462 0.666837
vn -0.412543 -0.722029 0.555412
vn -0.248100 0.043234 0.967769
vn -0.198224 0.118062 0.973020
vn 0.136222 0.613262 0.778045
vn 0.153761 0.593724 0.789841
vn 0.604685 0.796464 0.001343
vn 0.513365 0.858113 -0.009961
vn 0.604483 0.379149 -0.700605
vn 0.470258 0.458121 -0.754309
vn 0.041250 -0.225608 -0.973344
vn 0.255989 -0.255557 -0.932288
vn -0.423900 -0.743696 -0.516939
vn -0.264160 -0.832791 -0.486497
vn -0.566866 -0.799837 0.197291
vn -0.458424 -0.859106 0.227562
vn -0.432541 -0.392479 0.811707
vn -0.428677 -0.505717 0.748656
vn -0.323751 -0.070278 0.943529
vn 0.178145 0.589763 0.787683
vn 0.645177 0.762940 0.040860
vn 0.673078 0.399984 -0.622076
vn 0.395817 -0.203133 -0.895581
vn -0.140460 -0.845809 -0.514664
vn -0.445772 -0.879638 0.165905
vn -0.495792 -0.628604 0.599206
vn 0.370211 0.840403 -0.395811
vn 0.442421 0.895947 0.039271
vn 0.469479 0.835379 0.285887
vn 0.317617 0.674461 0.666500
vn 0.384964 0.636794 0.668055
vn 0.171739 0.520521 0.836399
vn 0.926578 0.124830 -0.354782
vn 0.857859 0.396974 -0.326328
vn 0.483456 0.687760 -0.541532
vn 0.528170 0.325729 -0.784179
vn -0.000000 -0.195773 -0.980649
vn -0.000000 0.051293 -0.998684
vn 0.504184 0.205583 0.838769
vn 0.811850 -0.109308 0.573543
vn -0.000000 -0.091567 0.995799
vn 0.000000 0.790651 0.612267
vn 0.000000 0.982064 0.188550
vn 0.000000 0.454265 0.890866
vn -0.000000 0.783331 -0.621605
vn -0.000000 0.394379 -0.918948
vn 0.723731 0.683928 0.091951
vn 0.423501 0.719429 0.550516
vn 0.246307 0.682225 0.688406
vn 0.692514 0.709079 0.132785
vn 0.734906 0.465784 -0.492907
vn 0.716638 0.539338 -0.442205
vn 0.402136 0.031252 -0.915046
vn 0.347806 0.240092 -0.906304
vn -0.208473 -0.464756 -0.860547
vn -0.265208 -0.269697 -0.925704
vn -0.581010 -0.631744 -0.513155
vn -0.666252 -0.608974 -0.430417
vn -0.989021 -0.139617 0.048416
vn -0.931716 -0.362765 0.017510
vn -0.458805 0.381559 0.802441
vn -0.344453 0.343565 0.873679
vn 0.518712 0.750596 0.409321
vn 0.728244 0.685084 0.017935
vn 0.848053 0.529595 0.018313
vn 0.663186 0.656907 0.358689
vn 0.718801 0.577396 -0.387220
vn 0.420381 0.260998 -0.868999
vn 0.540484 0.212727 -0.814017
vn 0.872531 0.410237 -0.265323
vn -0.205915 -0.452353 -0.867742
vn -0.286401 -0.600686 -0.746425
vn -0.442958 -0.858153 -0.259541
vn -0.408995 -0.911908 0.033874
vn -0.237112 -0.963597 -0.123529
vn -0.319700 -0.947157 0.026187
vn -0.312082 -0.602296 -0.734741
vn -0.791233 -0.568246 0.225936
vn 0.303449 -0.688257 0.658955
vn 0.688674 -0.593921 -0.415916
vn -0.000249 0.535114 0.844780
vn 0.271834 -0.076882 0.959268
vn 0.205828 -0.840083 -0.501892
vn -0.603924 -0.752606 0.262410
vn 0.275251 -0.352943 0.894241
vn 0.847976 -0.516020 0.121078
vn -0.514425 -0.796434 -0.317899
vn -0.221108 -0.889140 -0.400675
vn 0.332509 -0.756453 -0.563220
vn -0.726841 -0.445480 -0.522732
vn -0.831001 -0.230133 0.506435
vn 0.190272 -0.734337 0.651572
vn 0.029813 0.513041 0.857846
vn 0.029739 0.487650 0.872532
vn 0.075809 -0.758974 -0.646692
vn -0.542128 -0.804193 0.243662
vn 0.377280 -0.397867 0.836279
vn 0.912073 -0.386633 -0.136521
vn -0.744104 -0.105068 0.659750
vn 0.174796 -0.555029 0.813258
vn 0.283451 -0.872413 -0.398185
vn -0.840756 -0.459777 -0.285893
vn 0.856032 0.225620 -0.465086
vn 0.422833 0.362037 0.830748
vn -0.191263 -0.507239 -0.840313
vn -0.743334 -0.405109 0.532298
vn -0.296927 -0.952909 -0.061629
vn -0.573168 -0.395758 0.717533
vn -0.379772 -0.571285 -0.727603
vn 0.674805 0.290406 0.678456
vn 0.730716 0.100395 -0.675259
vn 0.861499 0.415936 -0.291232
vn 0.017030 0.401896 0.915527
vn -0.014829 -0.582537 -0.812669
vn -0.762504 -0.559413 0.325030
vn -0.528363 -0.605997 0.594643
vn -0.585722 -0.378552 -0.716678
vn 0.662323 0.061702 -0.746673
vn -0.538799 -0.215428 0.814424
vn 0.775640 0.215123 0.593384
vn 0.451832 0.106159 0.885764
vn 0.901791 0.020627 -0.431679
vn -0.359117 -0.200243 -0.911558
vn -0.898188 -0.113256 0.424772
vn -0.755452 0.036195 0.654203
vn -0.531356 -0.180786 -0.827634
vn 0.712715 0.004130 0.701441
vn 0.744930 -0.168909 -0.645406
vn 0.917048 0.259401 -0.302877
vn 0.121750 0.245368 0.961755
vn -0.151490 -0.380334 -0.912358
vn -0.891059 -0.409577 0.195604
vn -0.718830 -0.077002 -0.690908
vn 0.709687 -0.278239 -0.647246
vn -0.640674 0.237824 0.730052
vn 0.710065 0.023585 0.703741
vn -0.541837 0.001847 0.840482
vn 0.120487 0.646067 0.753711
vn 0.612151 0.784620 0.098193
vn 0.685714 0.472333 -0.553803
vn 0.424986 -0.124280 -0.896628
vn -0.148094 -0.736414 -0.660123
vn -0.590695 -0.800919 -0.098024
vn -0.747590 -0.566885 0.346051
vn 0.086733 -0.468585 -0.879151
vn 0.986949 -0.082604 0.138232
vn -0.981460 -0.173101 0.082290
vn -0.020738 0.190615 0.981446
vn -0.371548 -0.491821 0.787442
vn -0.186533 -0.982159 0.023872
vn 0.024736 -0.001896 0.999692
vn 0.361733 0.607773 0.706938
vn 0.489764 0.871018 -0.038182
vn 0.365324 0.541925 -0.756873
vn -0.064123 -0.218261 -0.973781
vn -0.459744 -0.742564 -0.487067
vn -0.582545 -0.787820 0.199951
vn -0.370298 -0.491921 0.787968
vn 0.153895 0.353554 -0.922668
vn 0.000000 0.382666 -0.923887
vn 0.000000 0.114261 -0.993451
vn 0.125841 0.096209 -0.987374
vn 0.404835 -0.102823 0.908590
vn 0.808126 -0.003006 0.589002
vn 0.752271 0.052023 0.656796
vn 0.208492 -0.172526 0.962687
vn 0.993612 0.101158 -0.050028
vn 0.986246 0.163865 0.021621
vn 0.676414 0.243874 -0.694975
vn 0.769673 0.250576 -0.587210
vn -0.000000 -0.160181 0.987088
vn -0.000000 -0.309830 0.950792
vn -0.501171 -0.624356 0.599172
vn -0.037241 -0.022440 0.999054
vn -0.766546 -0.223045 0.602211
vn 0.000000 -0.601456 -0.798906
vn 0.000000 -0.956212 -0.292674
vn -0.767964 -0.610796 -0.192766
vn -0.554714 -0.450095 -0.699791
vn -0.000000 -0.875737 0.482789
vn 0.662823 0.159038 0.731692
vn 0.969303 0.225379 0.098264
vn 0.812580 0.186837 -0.552092
vn 0.197987 -0.053361 -0.978751
vn -0.610131 -0.271411 -0.744363
vn -0.953896 -0.274981 -0.120283
vn 0.792401 -0.591321 0.149800
vn 0.761509 -0.561584 0.323616
vn 0.503268 -0.796732 0.334574
vn 0.518292 -0.844833 0.132779
vn 0.000000 -0.942739 0.333531
vn 0.000000 -0.986835 0.161732
vn -0.000000 -0.086411 -0.996260
vn 0.000000 -0.342144 -0.939647
vn 0.472384 -0.378120 -0.796165
vn 0.522584 -0.126833 -0.843101
vn 0.000000 0.203650 -0.979044
vn -0.000000 0.343973 -0.938980
vn 0.285178 0.426566 -0.858321
vn 0.432778 0.198916 -0.879281
vn 0.117607 0.589656 -0.799046
vn -0.000000 0.421111 -0.907009
vn 0.844437 -0.357092 -0.399264
vn 0.912472 -0.159240 -0.376880
vn 0.791270 0.469157 -0.392152
vn 0.874223 0.111915 -0.472450
vn 0.525408 0.807967 -0.266713
vn 0.974089 -0.108344 -0.198527
vn 0.995963 0.018142 -0.087909
vn 0.965693 0.167773 0.198218
vn 0.979012 -0.058232 -0.195308
vn 0.651076 0.662663 0.370106
vn 0.600507 0.323351 0.731324
vn 0.354680 0.109853 0.928512
vn -0.000000 0.064681 0.997906
vn 0.736060 -0.105011 0.668722
vn 0.441147 -0.300303 0.845699
vn 0.000000 -0.383051 0.923727
vn 0.863308 -0.211522 -0.458211
vn 0.917218 -0.234665 -0.321938
vn 0.913576 -0.288535 -0.286576
vn 0.000000 0.973718 -0.227759
vn 0.460905 0.864946 -0.198582
vn 0.906815 0.404242 -0.119479
vn 0.999164 0.005219 0.040560
vn 0.964009 -0.090525 0.249984
vn 0.919560 -0.185610 0.346350
vn 0.928314 -0.251421 0.273900
vn 0.961601 -0.125893 0.243875
vn 0.960694 0.001214 0.277607
vn 0.905912 0.130499 0.402856
vn 0.916580 -0.061564 0.395083
vn 0.953672 -0.081935 0.289477
vn 0.981110 -0.188003 0.045581
vn 0.924822 -0.317311 0.209805
vn 0.973596 -0.220130 -0.060441
vn 0.981606 -0.054436 0.182992
vn 0.971369 0.016032 0.237033
vn 0.994637 -0.092205 0.046858
vn 0.906319 -0.360537 0.220453
vn 0.954471 -0.206652 0.215127
vn 0.993419 -0.019329 0.112898
vn 0.964730 -0.199634 0.171587
vn 0.972866 -0.198997 0.118034
vn 0.980986 -0.194064 0.002542
vn 0.874000 0.478014 -0.087328
vn 0.846565 0.477055 -0.236105
vn 0.643001 0.250765 -0.723648
vn 0.742339 0.326599 -0.585035
vn 0.738131 -0.388947 -0.551255
vn 0.730691 -0.195036 -0.654257
vn 0.536732 -0.246585 -0.806917
vn 0.579195 -0.398061 -0.711394
vn 0.891908 -0.390387 0.228251
vn 0.843338 -0.511345 -0.165246
vn 0.792086 -0.450255 -0.412152
vn 0.932813 -0.360253 -0.008857
vn 0.971516 -0.080203 0.222989
vn 0.987622 -0.096288 0.123823
vn 0.986470 0.048126 0.156716
vn 0.989134 -0.077239 0.125095
vn 0.972232 -0.211754 0.099629
vn 0.967868 0.082266 0.237621
vn 0.982097 0.162425 0.095414
vn 0.908402 0.016605 0.417768
vn 0.935180 0.018385 0.353696
vn 0.963399 0.062898 0.260588
vn 0.954380 -0.178917 0.239054
vn 0.970754 -0.057616 0.233059
vn 0.966863 -0.190014 0.170503
vn 0.000000 -0.127437 -0.991847
vn 0.498150 -0.170951 -0.850072
vn 0.953818 -0.039283 0.297806
vn 0.937563 -0.265310 0.224913
vn 0.000000 0.197270 -0.980349
vn 0.057258 0.157921 -0.985790
vn 0.000000 -0.055835 0.998440
vn 0.637599 -0.104239 0.763284
vn -0.088709 -0.304711 0.948305
vn -0.103909 -0.294576 0.949962
vn 0.609423 -0.171968 0.773971
vn 0.986584 0.004848 0.163184
vn 0.972399 0.182468 0.145416
vn 0.820072 0.187683 -0.540607
vn 0.770275 0.390926 -0.503838
vn 0.208600 0.207963 -0.955635
vn 0.214018 0.370961 -0.903650
vn -0.756397 -0.260475 0.600014
vn -0.761236 -0.308939 0.570155
vn -0.999427 0.001770 0.033792
vn -0.662376 0.229072 -0.713291
vn -0.612940 0.070026 -0.787021
vn -0.983781 -0.156940 -0.086861
vn 0.849859 0.323626 -0.415939
vn 0.921904 0.247728 -0.297867
vn 0.797999 0.176137 -0.576345
vn 0.845260 0.228585 -0.482996
vn 0.454461 0.245742 -0.856199
vn 0.301692 0.227520 -0.925860
vn -0.829010 0.089014 -0.552104
vn -0.749231 0.111296 -0.652891
vn -0.993811 -0.073221 0.083542
vn -0.961233 -0.114491 0.250843
vn -0.891998 0.056801 0.448456
vn -0.771448 -0.045038 0.634696
vn 0.058586 -0.072853 0.995620
vn 0.084207 -0.189091 0.978342
vn 0.770758 -0.065097 0.633794
vn 0.804176 0.086679 0.588037
vn 0.999721 -0.010797 0.021018
vn 0.987346 0.105738 -0.118180
vn 0.731941 -0.000331 -0.681367
vn 0.723779 0.022157 -0.689676
vn 0.028603 -0.086070 -0.995878
vn 0.046363 -0.026936 -0.998562
vn -0.629110 -0.318052 0.709270
vn -0.679442 -0.202832 0.705136
vn -0.690657 -0.143288 -0.708845
vn -0.636826 -0.299353 -0.710521
vn -0.921228 -0.386811 0.041432
vn -0.971520 -0.236624 0.012599
vn -0.119255 0.604203 0.787856
vn -0.044413 0.159346 0.986223
vn 0.795537 0.344638 0.498343
vn 0.665011 0.671178 0.327537
vn -0.086724 -0.247643 0.964962
vn 0.594699 -0.142333 0.791249
vn 0.980249 -0.063637 0.187247
vn 0.824961 0.004735 -0.565169
vn 0.191847 0.052890 -0.979999
vn -0.728577 -0.333960 0.598035
vn -0.572113 -0.055377 -0.818303
vn -0.947766 -0.290105 -0.132588
vn 0.658531 -0.065478 0.749700
vn -0.048115 -0.227504 0.972588
vn 0.981771 0.140410 0.128108
vn 0.793942 0.303997 -0.526537
vn 0.224397 0.342269 -0.912413
vn -0.706084 -0.246221 0.663943
vn -0.700350 0.154116 -0.696964
vn -0.986041 -0.117361 0.118112
vn 0.869101 0.493878 -0.027338
vn 0.871392 0.431307 -0.233775
vn 0.471721 -0.826939 -0.306024
vn 0.725879 -0.686736 -0.038642
vn -0.553909 -0.831335 0.045469
vn -0.817081 0.387030 0.427301
vn -0.628258 0.562785 0.537182
vn -0.569362 -0.714991 0.405727
vn -0.032147 0.823527 0.566365
vn 0.020629 0.950815 0.309072
vn -0.631950 -0.591034 -0.501316
vn 0.314832 -0.438974 -0.841536
vn 0.635587 -0.649854 -0.416796
vn 0.541873 -0.675823 -0.499637
vn -0.666459 -0.740359 0.087755
vn -0.625000 -0.758069 0.186297
vn 0.707276 -0.158313 0.688983
vn 0.038114 -0.299024 0.953484
vn 0.996118 0.002665 0.087988
vn 0.794180 0.111593 -0.597348
vn 0.169594 0.052653 -0.984106
vn -0.642917 -0.330109 0.691149
vn -0.935247 -0.340823 0.095668
vn -0.659231 -0.196949 -0.725690
vn -0.050829 -0.270658 0.961333
vn 0.632782 -0.075474 0.770643
vn -0.082113 -0.097369 0.991855
vn 0.646236 0.087448 0.758111
vn 0.984398 0.058866 0.165818
vn 0.976108 0.170562 0.134621
vn 0.817837 0.038798 -0.574141
vn 0.816997 0.118428 -0.564350
vn 0.170093 -0.057436 -0.983753
vn 0.150596 -0.034918 -0.987979
vn -0.713899 -0.344421 0.609690
vn -0.761022 -0.233273 0.605334
vn -0.572834 -0.145882 -0.806585
vn -0.955691 -0.266950 -0.124066
vn -0.610407 -0.163244 -0.775083
vn -0.965441 -0.231287 -0.120126
vn 0.382402 0.909695 0.161937
vn 0.531763 0.798385 0.282505
vn 0.042389 -0.996882 0.066547
vn 0.042388 -0.996882 0.066547
vn 0.042387 -0.996883 0.066546
vn 0.042388 -0.996883 0.066547
vn 0.850528 -0.004160 0.525914
vn 0.809407 0.104513 0.577873
vn 0.858170 -0.259189 0.443132
vn 0.877880 -0.233381 0.418162
vn 0.462028 0.206583 0.862470
vn 0.000000 0.286655 0.958034
vn 0.000000 0.016644 0.999861
vn 0.499912 0.070198 0.863227
vn 0.875176 -0.236190 0.422233
vn 0.551186 -0.298857 0.779024
vn 0.000000 -0.352290 0.935891
vn 0.000000 -0.049946 0.998752
vn 0.537885 -0.124380 0.833792
vn 0.815814 0.043149 0.576703
vn 0.781102 0.163252 0.602685
vn 0.545150 -0.280502 0.790019
vn 0.000000 -0.314618 0.949218
vn 0.488432 0.345203 0.801417
vn 0.523632 -0.018465 0.851744
vn 0.000000 0.440151 0.897924
vn 0.000000 -0.062364 0.998053
vn 0.818774 -0.421339 0.389977
vn 0.584102 -0.536299 0.609269
vn -0.000000 -0.618115 0.786088
vn 0.826931 -0.452291 0.334093
vn 0.896756 0.355902 0.262987
vn -0.384609 0.439187 0.811905
vn -0.333428 -0.457213 0.824489
vn 0.134155 0.691534 0.709777
vn 0.579628 0.635317 0.510298
vn 0.176617 -0.669045 0.721931
vn 0.458269 -0.671389 0.582432
vt 0.472778 0.673344
vt 0.430506 0.670690
vt 0.414872 0.717379
vt 0.462916 0.715737
vt 0.463865 0.681467
vt 0.500000 0.685131
vt 0.500000 0.719994
vt 0.459112 0.718371
vt 0.469341 0.837344
vt 0.500000 0.829588
vt 0.500000 0.801471
vt 0.461786 0.809547
vt 0.458821 0.763482
vt 0.417593 0.763698
vt 0.419915 0.815358
vt 0.500000 0.635247
vt 0.475780 0.637301
vt 0.500000 0.677499
vt 0.458290 0.760082
vt 0.500000 0.754861
vt 0.500000 0.786653
vt 0.471359 0.800403
vt 0.433423 0.607338
vt 0.463886 0.584638
vt 0.468634 0.637146
vt 0.439722 0.647138
vt 0.437329 0.610005
vt 0.418638 0.615198
vt 0.422951 0.645191
vt 0.440794 0.638375
vt 0.411155 0.679169
vt 0.405742 0.715961
vt 0.478240 0.991894
vt 0.462202 0.975168
vt 0.466104 0.960979
vt 0.479018 0.977312
vt 0.425708 0.685413
vt 0.342960 0.764848
vt 0.365126 0.748054
vt 0.393040 0.763918
vt 0.380264 0.800227
vt 0.337903 0.773233
vt 0.369045 0.812732
vt 0.345141 0.762775
vt 0.370905 0.787428
vt 0.367144 0.741533
vt 0.389063 0.757046
vt 0.387256 0.735267
vt 0.394185 0.738633
vt 0.385168 0.738186
vt 0.403713 0.747551
vt 0.383138 0.740641
vt 0.399208 0.746707
vt 0.302040 0.708563
vt 0.330852 0.727227
vt 0.315443 0.741322
vt 0.291325 0.722738
vt 0.291498 0.724958
vt 0.313635 0.746372
vt 0.296331 0.719210
vt 0.318975 0.738911
vt 0.335753 0.721288
vt 0.307339 0.704634
vt 0.354801 0.717081
vt 0.316569 0.692786
vt 0.354151 0.719564
vt 0.313473 0.690879
vt 0.310043 0.697995
vt 0.348327 0.722955
vt 0.242621 0.668457
vt 0.261730 0.680625
vt 0.254020 0.696138
vt 0.232643 0.683071
vt 0.225909 0.690637
vt 0.247554 0.704010
vt 0.231961 0.679473
vt 0.257194 0.695118
vt 0.266706 0.681861
vt 0.242073 0.661884
vt 0.273662 0.665125
vt 0.252363 0.647461
vt 0.273581 0.659522
vt 0.251643 0.647275
vt 0.269181 0.668496
vt 0.248956 0.656072
vt 0.216305 0.652066
vt 0.207845 0.663360
vt 0.202762 0.668411
vt 0.204671 0.660741
vt 0.209672 0.647204
vt 0.216495 0.636328
vt 0.218083 0.636750
vt 0.218793 0.643025
vt 0.435161 0.841584
vt 0.410231 0.831037
vt 0.426150 0.835418
vt 0.425975 0.815462
vt 0.447873 0.823518
vt 0.478414 0.815815
vt 0.462683 0.954259
vt 0.463839 0.970180
vt 0.478641 0.981193
vt 0.474941 0.961495
vt 0.500000 0.716876
vt 0.500000 0.761599
vt 0.422206 0.769254
vt 0.412307 0.724104
vt 0.500000 0.638762
vt 0.500000 0.981481
vt 0.500000 0.995049
vt 0.500000 0.807891
vt 0.500000 0.984260
vt 0.500000 0.964235
vt 0.158054 0.623885
vt 0.160285 0.618838
vt 0.173653 0.633378
vt 0.169135 0.638727
vt 0.167595 0.633840
vt 0.159926 0.621617
vt 0.172136 0.622117
vt 0.165325 0.614905
vt 0.178040 0.615731
vt 0.171122 0.608417
vt 0.175349 0.600738
vt 0.183703 0.612331
vt 0.189553 0.597120
vt 0.189011 0.611798
vt 0.181869 0.620495
vt 0.178789 0.601292
vt 0.145466 0.606145
vt 0.143218 0.608615
vt 0.132592 0.595797
vt 0.134724 0.595111
vt 0.144776 0.606982
vt 0.150679 0.601256
vt 0.139140 0.589903
vt 0.134859 0.591993
vt 0.157948 0.593452
vt 0.145926 0.582866
vt 0.161120 0.588392
vt 0.142430 0.580486
vt 0.162378 0.590616
vt 0.139136 0.583529
vt 0.121301 0.542830
vt 0.123508 0.541723
vt 0.117475 0.540726
vt 0.115186 0.541544
vt 0.164030 0.609155
vt 0.167800 0.593741
vt 0.177082 0.558121
vt 0.182281 0.557439
vt 0.175258 0.561103
vt 0.171275 0.561536
vt 0.178063 0.592336
vt 0.176700 0.586334
vt 0.124045 0.542653
vt 0.128251 0.547005
vt 0.128527 0.546558
vt 0.122498 0.543546
vt 0.154724 0.600578
vt 0.143259 0.593641
vt 0.116846 0.548500
vt 0.120787 0.547977
vt 0.115452 0.550554
vt 0.112338 0.551031
vt 0.137966 0.557398
vt 0.134240 0.555614
vt 0.134829 0.553001
vt 0.139748 0.556953
vt 0.120160 0.579127
vt 0.121717 0.578195
vt 0.126701 0.574421
vt 0.129355 0.572439
vt 0.141651 0.582087
vt 0.131032 0.574957
vt 0.128799 0.574121
vt 0.121066 0.576594
vt 0.121467 0.576018
vt 0.124369 0.581458
vt 0.128866 0.579037
vt 0.129914 0.574956
vt 0.133903 0.574143
vt 0.150062 0.584843
vt 0.136581 0.574173
vt 0.130520 0.577768
vt 0.136154 0.574713
vt 0.130307 0.578514
vt 0.116379 0.557469
vt 0.114252 0.558774
vt 0.121117 0.556200
vt 0.124563 0.554174
vt 0.125806 0.559631
vt 0.124440 0.560882
vt 0.117799 0.556882
vt 0.118619 0.558021
vt 0.114822 0.564425
vt 0.119921 0.563308
vt 0.121178 0.561613
vt 0.125734 0.560947
vt 0.137211 0.565262
vt 0.130197 0.566257
vt 0.136132 0.565666
vt 0.129755 0.566518
vt 0.194522 0.635409
vt 0.185950 0.645444
vt 0.180504 0.649088
vt 0.179652 0.642363
vt 0.183281 0.629799
vt 0.189661 0.621909
vt 0.194656 0.621982
vt 0.196738 0.628062
vt 0.178173 0.569288
vt 0.169550 0.575735
vt 0.184722 0.570850
vt 0.175047 0.575326
vt 0.163253 0.591041
vt 0.163402 0.587607
vt 0.279057 0.692062
vt 0.271712 0.707745
vt 0.266091 0.714277
vt 0.281526 0.710106
vt 0.290840 0.695957
vt 0.295306 0.680050
vt 0.291407 0.671119
vt 0.286970 0.680231
vt 0.466234 0.568376
vt 0.500000 0.564621
vt 0.500000 0.532730
vt 0.458288 0.526259
vt 0.461714 0.553896
vt 0.430224 0.575694
vt 0.428933 0.541146
vt 0.460961 0.508335
vt 0.417354 0.583768
vt 0.415621 0.555286
vt 0.433665 0.575459
vt 0.425505 0.541742
vt 0.500000 0.549924
vt 0.500000 0.501843
vt 0.456710 0.480895
vt 0.479763 0.454373
vt 0.489047 0.467889
vt 0.500000 0.503386
vt 0.500000 0.484127
vt 0.493822 0.480103
vt 0.486775 0.490822
vt 0.500000 0.469814
vt 0.423288 0.499173
vt 0.405694 0.503419
vt 0.412127 0.494892
vt 0.439444 0.478638
vt 0.472631 0.460164
vt 0.488290 0.451281
vt 0.477634 0.870755
vt 0.480130 0.868619
vt 0.490335 0.861660
vt 0.489524 0.859439
vt 0.500000 0.858383
vt 0.500000 0.856624
vt 0.500000 0.937779
vt 0.500000 0.915215
vt 0.480594 0.915185
vt 0.475460 0.934394
vt 0.500000 0.884859
vt 0.500000 0.864763
vt 0.483905 0.866985
vt 0.484497 0.887228
vt 0.478412 0.851845
vt 0.500000 0.847330
vt 0.468834 0.916697
vt 0.464247 0.932074
vt 0.468988 0.867311
vt 0.474103 0.889938
vt 0.452419 0.850216
vt 0.462060 0.931339
vt 0.460595 0.948004
vt 0.466562 0.863522
vt 0.468276 0.889940
vt 0.449474 0.841314
vt 0.464088 0.838423
vt 0.481202 0.837346
vt 0.500000 0.833678
vt 0.474099 0.859060
vt 0.487504 0.855440
vt 0.500000 0.850734
vt 0.472971 0.905246
vt 0.468627 0.907387
vt 0.465151 0.919605
vt 0.500000 0.993938
vt 0.478591 0.990804
vt 0.461760 0.972874
vt 0.458666 0.950677
vt 0.455283 0.927056
vt 0.459883 0.924602
vt 0.459153 0.929694
vt 0.455861 0.931949
vt 0.457552 0.911901
vt 0.461276 0.911890
vt 0.460387 0.918389
vt 0.456109 0.919610
vt 0.464908 0.887237
vt 0.469987 0.876004
vt 0.461697 0.924179
vt 0.461102 0.925153
vt 0.460853 0.938615
vt 0.461406 0.932083
vt 0.471959 0.882478
vt 0.466964 0.896255
vt 0.464338 0.909432
vt 0.467093 0.907254
vt 0.463095 0.915777
vt 0.465249 0.917247
vt 0.456074 0.935017
vt 0.460307 0.936506
vt 0.460238 0.929017
vt 0.455291 0.928620
vt 0.457576 0.910483
vt 0.455507 0.920060
vt 0.461509 0.919964
vt 0.464401 0.909395
vt 0.461729 0.900923
vt 0.458724 0.902222
vt 0.464554 0.899313
vt 0.464871 0.896693
vt 0.463328 0.904936
vt 0.462552 0.901387
vt 0.463529 0.910861
vt 0.463876 0.916962
vt 0.463632 0.922689
vt 0.458046 0.933654
vt 0.460515 0.937110
vt 0.460105 0.906133
vt 0.461868 0.907194
vt 0.462683 0.911257
vt 0.461937 0.922402
vt 0.462817 0.917033
vt 0.461563 0.928177
vt 0.500000 0.900627
vt 0.483537 0.902103
vt 0.458021 0.906084
vt 0.461004 0.926167
vt 0.500000 0.598429
vt 0.471395 0.603733
vt 0.500000 0.583377
vt 0.388122 0.258862
vt 0.411263 0.254326
vt 0.420417 0.300832
vt 0.398759 0.305224
vt 0.382541 0.303828
vt 0.377914 0.279409
vt 0.391784 0.301796
vt 0.386254 0.282852
vt 0.411534 0.297565
vt 0.404479 0.284971
vt 0.428929 0.250816
vt 0.434237 0.298277
vt 0.444415 0.258145
vt 0.436215 0.281064
vt 0.434873 0.294229
vt 0.442764 0.287506
vt 0.337628 0.034311
vt 0.355407 0.073447
vt 0.366424 0.070296
vt 0.354716 0.035438
vt 0.363091 0.039147
vt 0.377892 0.074401
vt 0.403599 0.041453
vt 0.394460 0.074326
vt 0.397710 0.065306
vt 0.395769 0.037601
vt 0.389991 0.053876
vt 0.393756 0.079536
vt 0.380956 0.113937
vt 0.390247 0.152274
vt 0.371747 0.154474
vt 0.365848 0.115458
vt 0.364709 0.153701
vt 0.363509 0.112528
vt 0.370003 0.155575
vt 0.371692 0.105487
vt 0.392755 0.162120
vt 0.380148 0.109444
vt 0.409512 0.152085
vt 0.395728 0.110513
vt 0.398879 0.108639
vt 0.416053 0.159821
vt 0.419894 0.149000
vt 0.405295 0.105970
vt 0.374365 0.068240
vt 0.380435 0.083879
vt 0.357791 0.083728
vt 0.345131 0.060025
vt 0.424014 0.333828
vt 0.396568 0.339616
vt 0.379194 0.332002
vt 0.388358 0.324831
vt 0.410109 0.321158
vt 0.443357 0.328621
vt 0.442335 0.315889
vt 0.457321 0.321137
vt 0.382772 0.228742
vt 0.401957 0.224633
vt 0.363507 0.229483
vt 0.373757 0.228973
vt 0.397246 0.234711
vt 0.425629 0.220268
vt 0.439615 0.227981
vt 0.445400 0.218248
vt 0.312479 0.020564
vt 0.320427 0.029776
vt 0.319538 0.005506
vt 0.312387 0.007498
vt 0.382677 0.004950
vt 0.381423 0.038114
vt 0.373701 0.028128
vt 0.374555 0.007023
vt 0.365869 0.049193
vt 0.351638 0.032070
vt 0.400462 0.015039
vt 0.367014 0.015393
vt 0.351383 0.009284
vt 0.337312 0.008303
vt 0.377303 0.019984
vt 0.391532 0.008599
vt 0.376811 0.191072
vt 0.394152 0.187842
vt 0.360359 0.191664
vt 0.369699 0.191423
vt 0.394084 0.197970
vt 0.418262 0.182611
vt 0.436676 0.181133
vt 0.431816 0.191949
vt 0.431777 0.377416
vt 0.401256 0.383548
vt 0.442822 0.426663
vt 0.409271 0.433110
vt 0.382370 0.381670
vt 0.388862 0.437721
vt 0.391028 0.375609
vt 0.396261 0.431838
vt 0.416514 0.371522
vt 0.423676 0.425571
vt 0.455369 0.369202
vt 0.469751 0.415939
vt 0.452434 0.366134
vt 0.469864 0.367644
vt 0.462519 0.418043
vt 0.483420 0.416622
vt 0.342926 0.045942
vt 0.332682 0.030500
vt 0.334903 0.006771
vt 0.330483 0.008099
vt 0.355778 0.006407
vt 0.355319 0.007378
vt 0.467716 0.916125
vt 0.469459 0.925039
vt 0.476556 0.884334
vt 0.473796 0.894495
vt 0.482146 0.912583
vt 0.500000 0.911532
vt 0.500000 0.920436
vt 0.481471 0.922808
vt 0.469397 0.906147
vt 0.484988 0.889459
vt 0.500000 0.886502
vt 0.500000 0.899794
vt 0.483682 0.901464
vt 0.471591 0.936649
vt 0.471269 0.950688
vt 0.485134 0.880672
vt 0.500000 0.877646
vt 0.484340 0.960267
vt 0.482500 0.933356
vt 0.500000 0.964126
vt 0.500000 0.931889
vt 0.479037 0.875247
vt 0.488392 0.865763
vt 0.500000 0.864103
vt 0.313932 0.009701
vt 0.314016 0.021057
vt 0.352582 0.027948
vt 0.354374 0.009367
vt 0.340048 0.028989
vt 0.325000 0.027720
vt 0.338892 0.010139
vt 0.325902 0.010239
vt 0.527222 0.673344
vt 0.537084 0.715737
vt 0.585128 0.717379
vt 0.569494 0.670690
vt 0.536135 0.681467
vt 0.540888 0.718371
vt 0.530659 0.837344
vt 0.538213 0.809547
vt 0.580085 0.815358
vt 0.582407 0.763698
vt 0.541179 0.763482
vt 0.524220 0.637301
vt 0.541710 0.760082
vt 0.528641 0.800403
vt 0.566576 0.607338
vt 0.560278 0.647138
vt 0.531366 0.637146
vt 0.536114 0.584638
vt 0.562671 0.610005
vt 0.559206 0.638375
vt 0.577049 0.645191
vt 0.581362 0.615198
vt 0.588845 0.679169
vt 0.594258 0.715961
vt 0.521760 0.991894
vt 0.520982 0.977312
vt 0.533896 0.960979
vt 0.537798 0.975168
vt 0.574292 0.685413
vt 0.657040 0.764848
vt 0.619736 0.800227
vt 0.606960 0.763918
vt 0.634874 0.748054
vt 0.662097 0.773233
vt 0.630955 0.812732
vt 0.654859 0.762775
vt 0.629095 0.787428
vt 0.632856 0.741533
vt 0.610937 0.757046
vt 0.612744 0.735267
vt 0.605815 0.738633
vt 0.614832 0.738186
vt 0.596287 0.747551
vt 0.616862 0.740641
vt 0.600792 0.746707
vt 0.697960 0.708563
vt 0.708675 0.722738
vt 0.684557 0.741322
vt 0.669148 0.727227
vt 0.708502 0.724958
vt 0.686365 0.746372
vt 0.703669 0.719210
vt 0.681025 0.738911
vt 0.692661 0.704634
vt 0.664247 0.721288
vt 0.683431 0.692786
vt 0.645199 0.717081
vt 0.686527 0.690879
vt 0.645849 0.719564
vt 0.689957 0.697995
vt 0.651673 0.722955
vt 0.757379 0.668457
vt 0.767356 0.683071
vt 0.745980 0.696138
vt 0.738270 0.680625
vt 0.774091 0.690637
vt 0.752446 0.704010
vt 0.768039 0.679473
vt 0.742806 0.695118
vt 0.757927 0.661884
vt 0.733294 0.681861
vt 0.747637 0.647461
vt 0.726338 0.665125
vt 0.748356 0.647275
vt 0.726418 0.659522
vt 0.751044 0.656072
vt 0.730819 0.668496
vt 0.783695 0.652066
vt 0.792155 0.663360
vt 0.797238 0.668411
vt 0.795329 0.660741
vt 0.790328 0.647204
vt 0.783505 0.636328
vt 0.781917 0.636750
vt 0.781207 0.643025
vt 0.564839 0.841584
vt 0.573850 0.835418
vt 0.589769 0.831037
vt 0.574025 0.815462
vt 0.552127 0.823518
vt 0.521586 0.815815
vt 0.537317 0.954259
vt 0.525059 0.961495
vt 0.521359 0.981193
vt 0.536161 0.970180
vt 0.577794 0.769254
vt 0.587693 0.724104
vt 0.841946 0.623885
vt 0.830865 0.638727
vt 0.826347 0.633378
vt 0.839715 0.618838
vt 0.840074 0.621617
vt 0.832405 0.633840
vt 0.834675 0.614905
vt 0.827864 0.622117
vt 0.828878 0.608417
vt 0.821960 0.615731
vt 0.824651 0.600738
vt 0.816297 0.612331
vt 0.810447 0.597120
vt 0.821211 0.601292
vt 0.818131 0.620495
vt 0.810989 0.611798
vt 0.854534 0.606145
vt 0.865275 0.595111
vt 0.867408 0.595797
vt 0.856782 0.608615
vt 0.855224 0.606982
vt 0.865141 0.591993
vt 0.860860 0.589903
vt 0.849321 0.601256
vt 0.854074 0.582866
vt 0.842052 0.593452
vt 0.857570 0.580486
vt 0.838880 0.588392
vt 0.860864 0.583529
vt 0.837622 0.590616
vt 0.878699 0.542830
vt 0.884814 0.541544
vt 0.882525 0.540726
vt 0.876492 0.541723
vt 0.835970 0.609155
vt 0.832200 0.593741
vt 0.822918 0.558121
vt 0.828725 0.561536
vt 0.824742 0.561103
vt 0.817719 0.557439
vt 0.821937 0.592336
vt 0.823300 0.586334
vt 0.875955 0.542653
vt 0.877502 0.543546
vt 0.871473 0.546558
vt 0.871749 0.547005
vt 0.845276 0.600578
vt 0.856741 0.593641
vt 0.883153 0.548500
vt 0.887662 0.551031
vt 0.884548 0.550554
vt 0.879213 0.547977
vt 0.862034 0.557398
vt 0.860252 0.556953
vt 0.865171 0.553001
vt 0.865760 0.555614
vt 0.879840 0.579127
vt 0.878283 0.578195
vt 0.873299 0.574421
vt 0.870645 0.572439
vt 0.858349 0.582087
vt 0.868968 0.574957
vt 0.871201 0.574121
vt 0.878934 0.576594
vt 0.878533 0.576018
vt 0.875631 0.581458
vt 0.871134 0.579037
vt 0.870086 0.574956
vt 0.866097 0.574143
vt 0.849938 0.584843
vt 0.863419 0.574173
vt 0.869480 0.577768
vt 0.863846 0.574713
vt 0.869693 0.578514
vt 0.883621 0.557469
vt 0.885748 0.558774
vt 0.878883 0.556200
vt 0.875437 0.554174
vt 0.874194 0.559631
vt 0.875560 0.560882
vt 0.882201 0.556882
vt 0.881381 0.558021
vt 0.880079 0.563308
vt 0.885178 0.564425
vt 0.878822 0.561613
vt 0.874266 0.560947
vt 0.862789 0.565262
vt 0.869803 0.566257
vt 0.863868 0.565666
vt 0.870245 0.566518
vt 0.805478 0.635409
vt 0.814049 0.645444
vt 0.819496 0.649088
vt 0.820347 0.642363
vt 0.816719 0.629799
vt 0.810339 0.621909
vt 0.805344 0.621982
vt 0.803262 0.628062
vt 0.830450 0.575735
vt 0.821827 0.569288
vt 0.815278 0.570850
vt 0.824953 0.575326
vt 0.836747 0.591041
vt 0.836598 0.587607
vt 0.720943 0.692062
vt 0.728288 0.707745
vt 0.733909 0.714277
vt 0.718474 0.710106
vt 0.709160 0.695957
vt 0.704694 0.680050
vt 0.708593 0.671119
vt 0.713030 0.680231
vt 0.533766 0.568376
vt 0.541712 0.526259
vt 0.538286 0.553896
vt 0.539039 0.508335
vt 0.571067 0.541146
vt 0.569776 0.575694
vt 0.584379 0.555286
vt 0.582646 0.583768
vt 0.566335 0.575459
vt 0.574495 0.541742
vt 0.543290 0.480895
vt 0.510953 0.467889
vt 0.520237 0.454373
vt 0.513225 0.490822
vt 0.506178 0.480103
vt 0.576712 0.499173
vt 0.594306 0.503419
vt 0.587873 0.494892
vt 0.560556 0.478638
vt 0.527369 0.460164
vt 0.511710 0.451281
vt 0.522366 0.870755
vt 0.510476 0.859439
vt 0.509665 0.861660
vt 0.519870 0.868619
vt 0.524540 0.934394
vt 0.519405 0.915185
vt 0.515503 0.887228
vt 0.516095 0.866985
vt 0.521588 0.851845
vt 0.535753 0.932074
vt 0.531166 0.916697
vt 0.525897 0.889938
vt 0.531012 0.867311
vt 0.547581 0.850216
vt 0.539405 0.948004
vt 0.537940 0.931339
vt 0.531724 0.889940
vt 0.533438 0.863522
vt 0.550526 0.841314
vt 0.535912 0.838423
vt 0.518798 0.837346
vt 0.525901 0.859060
vt 0.512496 0.855440
vt 0.527029 0.905246
vt 0.534849 0.919605
vt 0.531373 0.907387
vt 0.521409 0.990804
vt 0.538240 0.972874
vt 0.541334 0.950677
vt 0.544717 0.927056
vt 0.544139 0.931949
vt 0.540847 0.929694
vt 0.540116 0.924602
vt 0.542448 0.911901
vt 0.543891 0.919610
vt 0.539613 0.918389
vt 0.538724 0.911890
vt 0.535092 0.887237
vt 0.530013 0.876004
vt 0.538303 0.924179
vt 0.538594 0.932083
vt 0.539147 0.938615
vt 0.538898 0.925153
vt 0.533035 0.896255
vt 0.528041 0.882478
vt 0.535662 0.909432
vt 0.534751 0.917247
vt 0.536905 0.915777
vt 0.532907 0.907254
vt 0.543926 0.935017
vt 0.544709 0.928620
vt 0.539762 0.929017
vt 0.539693 0.936506
vt 0.542424 0.910483
vt 0.535599 0.909395
vt 0.538491 0.919964
vt 0.544493 0.920060
vt 0.538271 0.900923
vt 0.535129 0.896693
vt 0.535446 0.899313
vt 0.541276 0.902222
vt 0.536672 0.904936
vt 0.536471 0.910861
vt 0.537448 0.901387
vt 0.536124 0.916962
vt 0.536368 0.922689
vt 0.541954 0.933654
vt 0.539485 0.937110
vt 0.537317 0.911257
vt 0.538132 0.907194
vt 0.539895 0.906133
vt 0.538063 0.922402
vt 0.537183 0.917033
vt 0.538437 0.928177
vt 0.516463 0.902103
vt 0.541979 0.906084
vt 0.538996 0.926167
vt 0.528605 0.603733
vt 0.611878 0.258862
vt 0.601241 0.305224
vt 0.579583 0.300832
vt 0.588737 0.254326
vt 0.622086 0.279409
vt 0.617459 0.303828
vt 0.613746 0.282852
vt 0.608216 0.301796
vt 0.595521 0.284971
vt 0.588467 0.297565
vt 0.565763 0.298277
vt 0.571071 0.250816
vt 0.555585 0.258145
vt 0.557236 0.287506
vt 0.565127 0.294229
vt 0.563785 0.281065
vt 0.662372 0.034311
vt 0.645284 0.035438
vt 0.633576 0.070296
vt 0.644593 0.073447
vt 0.636909 0.039147
vt 0.622108 0.074401
vt 0.596401 0.041453
vt 0.604231 0.037601
vt 0.602290 0.065306
vt 0.605540 0.074326
vt 0.610009 0.053876
vt 0.606244 0.079536
vt 0.619044 0.113937
vt 0.634152 0.115458
vt 0.628253 0.154474
vt 0.609753 0.152274
vt 0.636491 0.112528
vt 0.635291 0.153701
vt 0.628308 0.105487
vt 0.629997 0.155575
vt 0.619852 0.109444
vt 0.607245 0.162120
vt 0.590488 0.152085
vt 0.604272 0.110513
vt 0.601121 0.108639
vt 0.594705 0.105970
vt 0.580106 0.149000
vt 0.583947 0.159821
vt 0.625635 0.068240
vt 0.654869 0.060025
vt 0.642209 0.083728
vt 0.619565 0.083879
vt 0.575986 0.333828
vt 0.603432 0.339616
vt 0.620806 0.332002
vt 0.611642 0.324831
vt 0.589890 0.321158
vt 0.556643 0.328621
vt 0.557665 0.315889
vt 0.542679 0.321137
vt 0.598043 0.224633
vt 0.617227 0.228742
vt 0.636493 0.229483
vt 0.626242 0.228973
vt 0.602754 0.234711
vt 0.574371 0.220268
vt 0.560385 0.227981
vt 0.554600 0.218248
vt 0.687521 0.020564
vt 0.687613 0.007498
vt 0.680462 0.005506
vt 0.679573 0.029776
vt 0.617322 0.004950
vt 0.625445 0.007023
vt 0.626299 0.028128
vt 0.618576 0.038114
vt 0.648362 0.032070
vt 0.634131 0.049193
vt 0.632986 0.015393
vt 0.599538 0.015039
vt 0.648617 0.009284
vt 0.662688 0.008303
vt 0.622697 0.019984
vt 0.608468 0.008599
vt 0.623189 0.191072
vt 0.605848 0.187842
vt 0.639641 0.191664
vt 0.630301 0.191423
vt 0.605916 0.197970
vt 0.581738 0.182611
vt 0.563324 0.181133
vt 0.568184 0.191949
vt 0.568223 0.377416
vt 0.598744 0.383548
vt 0.590729 0.433110
vt 0.557178 0.426663
vt 0.617630 0.381670
vt 0.611138 0.437721
vt 0.608972 0.375609
vt 0.603739 0.431838
vt 0.583486 0.371522
vt 0.576324 0.425571
vt 0.544631 0.369202
vt 0.530249 0.415939
vt 0.547566 0.366134
vt 0.530136 0.367644
vt 0.516580 0.416622
vt 0.537481 0.418043
vt 0.657074 0.045942
vt 0.667318 0.030500
vt 0.665097 0.006771
vt 0.669517 0.008099
vt 0.644222 0.006407
vt 0.644681 0.007378
vt 0.530541 0.925039
vt 0.532284 0.916125
vt 0.526204 0.894495
vt 0.523444 0.884334
vt 0.517854 0.912583
vt 0.518529 0.922808
vt 0.530603 0.906147
vt 0.515011 0.889459
vt 0.516318 0.901464
vt 0.528731 0.950688
vt 0.528409 0.936649
vt 0.514866 0.880672
vt 0.515660 0.960267
vt 0.517500 0.933356
vt 0.520963 0.875247
vt 0.511608 0.865763
vt 0.686068 0.009701
vt 0.685984 0.021057
vt 0.647418 0.027948
vt 0.645625 0.009367
vt 0.659952 0.028989
vt 0.675000 0.027720
vt 0.661108 0.010139
vt 0.674098 0.010239
g Man
usemtl Default
f 62/1/62 5/2/5 6/3/6 61/4/61 
f 65/5/65 448/6/448 449/7/449 64/8/64 
f 68/9/68 452/10/452 453/11/453 56/12/56 
f 56/12/56 60/13/60 7/14/7 2/15/2 
f 61/4/61 6/3/6 7/14/7 60/13/60 
f 458/16/458 269/17/269 62/1/62 460/18/460 
f 63/19/63 462/20/462 463/21/463 59/22/59 
f 63/19/63 64/8/64 449/7/449 462/20/462 
f 3/23/3 58/24/58 270/25/270 271/26/271 
f 1/27/1 11/28/11 272/29/272 273/30/273 
f 13/31/13 14/32/14 6/3/6 5/2/5 
f 211/33/211 212/34/212 406/35/406 410/36/410 
f 271/26/271 10/37/10 13/31/13 272/29/272 
f 24/38/24 23/39/23 15/40/15 16/41/16 
f 25/42/25 24/38/24 16/41/16 17/43/17 
f 26/44/26 25/42/25 17/43/17 18/45/18 
f 27/46/27 26/44/26 18/45/18 19/47/19 
f 28/48/28 27/46/27 19/47/19 20/49/20 
f 29/50/29 28/48/28 20/49/20 21/51/21 
f 30/52/30 29/50/29 21/51/21 22/53/22 
f 23/39/23 30/52/30 22/53/22 15/40/15 
f 167/54/167 415/55/415 416/56/416 168/57/168 
f 169/58/169 168/57/168 416/56/416 417/59/417 
f 170/60/170 169/58/169 417/59/417 418/61/418 
f 170/60/170 418/61/418 419/62/419 171/63/171 
f 171/63/171 419/62/419 420/64/420 172/65/172 
f 172/65/172 420/64/420 421/66/421 173/67/173 
f 174/68/174 173/67/173 421/66/421 422/69/422 
f 167/54/167 174/68/174 422/69/422 415/55/415 
f 45/70/45 31/71/31 424/72/424 46/73/46 
f 47/74/47 46/73/46 424/72/424 425/75/425 
f 48/76/48 47/74/47 425/75/425 426/77/426 
f 48/76/48 426/77/426 427/78/427 49/79/49 
f 49/79/49 427/78/427 428/80/428 50/81/50 
f 50/81/50 428/80/428 429/82/429 51/83/51 
f 51/83/51 429/82/429 38/84/38 52/85/52 
f 45/70/45 52/85/52 38/84/38 31/71/31 
f 175/86/175 45/70/45 46/73/46 176/87/176 
f 46/73/46 47/74/47 177/88/177 176/87/176 
f 47/74/47 48/76/48 178/89/178 177/88/177 
f 178/89/178 48/76/48 49/79/49 179/90/179 
f 179/90/179 49/79/49 50/81/50 180/91/180 
f 180/91/180 50/81/50 51/83/51 181/92/181 
f 51/83/51 52/85/52 182/93/182 181/92/181 
f 52/85/52 45/70/45 175/86/175 182/93/182 
f 53/94/53 2/15/2 12/95/12 54/96/54 
f 4/97/4 55/98/55 54/96/54 12/95/12 
f 59/22/59 67/99/67 55/98/55 4/97/4 
f 192/100/192 264/101/264 265/102/265 191/103/191 
f 62/1/62 61/4/61 546/104/546 460/18/460 
f 53/94/53 68/9/68 56/12/56 2/15/2 
f 60/13/60 56/12/56 453/11/453 547/105/547 
f 546/104/546 61/4/61 60/13/60 547/105/547 
f 5/2/5 62/1/62 269/17/269 273/30/273 
f 8/106/8 63/19/63 59/22/59 4/97/4 
f 64/8/64 63/19/63 8/106/8 9/107/9 
f 550/108/550 448/6/448 65/5/65 270/25/270 
f 551/109/551 552/110/552 211/33/211 410/36/410 
f 67/99/67 59/22/59 463/21/463 553/111/553 
f 554/112/554 555/113/555 191/103/191 265/102/265 
f 88/114/88 96/115/96 39/116/39 40/117/40 
f 88/114/88 40/117/40 41/118/41 95/119/95 
f 95/119/95 41/118/41 42/120/42 89/121/89 
f 89/121/89 42/120/42 43/122/43 90/123/90 
f 166/124/166 90/123/90 43/122/43 44/125/44 
f 87/126/87 162/127/162 85/128/85 86/129/86 
f 97/130/97 79/131/79 71/132/71 92/133/92 
f 94/134/94 80/135/80 72/136/72 93/137/93 
f 72/136/72 80/135/80 81/138/81 73/139/73 
f 73/139/73 81/138/81 82/140/82 74/141/74 
f 74/141/74 82/140/82 83/142/83 75/143/75 
f 116/144/116 117/145/117 114/146/114 115/147/115 
f 163/148/163 77/149/77 86/129/86 85/128/85 
f 159/150/159 160/151/160 161/152/161 158/153/158 
f 91/154/91 162/127/162 87/126/87 84/155/84 
f 80/135/80 94/134/94 95/119/95 89/121/89 
f 81/138/81 80/135/80 89/121/89 90/123/90 
f 82/140/82 81/138/81 90/123/90 166/124/166 
f 121/156/121 118/157/118 119/158/119 120/159/120 
f 79/131/79 94/134/94 93/137/93 71/132/71 
f 95/119/95 94/134/94 79/131/79 88/114/88 
f 96/115/96 88/114/88 79/131/79 97/130/97 
f 78/160/78 97/130/97 92/133/92 70/161/70 
f 124/162/124 125/163/125 122/164/122 123/165/123 
f 128/166/128 129/167/129 126/168/126 127/169/127 
f 99/170/99 98/171/98 92/133/92 71/132/71 
f 100/172/100 99/170/99 71/132/71 75/143/75 
f 101/173/101 100/172/100 75/143/75 76/174/76 
f 98/171/98 101/173/101 76/174/76 92/133/92 
f 103/175/103 102/176/102 74/141/74 75/143/75 
f 104/177/104 103/175/103 75/143/75 71/132/71 
f 105/178/105 104/177/104 71/132/71 93/137/93 
f 102/176/102 105/178/105 93/137/93 74/141/74 
f 107/179/107 106/180/106 70/161/70 92/133/92 
f 108/181/108 107/179/107 92/133/92 76/174/76 
f 109/182/109 108/181/108 76/174/76 69/183/69 
f 106/180/106 109/182/109 69/183/69 70/161/70 
f 111/184/111 110/185/110 72/136/72 73/139/73 
f 112/186/112 111/184/111 73/139/73 74/141/74 
f 113/187/113 112/186/112 74/141/74 93/137/93 
f 110/185/110 113/187/113 93/137/93 72/136/72 
f 130/188/130 98/171/98 99/170/99 131/189/131 
f 131/189/131 99/170/99 100/172/100 132/190/132 
f 133/191/133 132/190/132 100/172/100 101/173/101 
f 130/188/130 133/191/133 101/173/101 98/171/98 
f 135/192/135 134/193/134 102/176/102 103/175/103 
f 136/194/136 135/192/135 103/175/103 104/177/104 
f 136/194/136 104/177/104 105/178/105 137/195/137 
f 137/195/137 105/178/105 102/176/102 134/193/134 
f 106/180/106 107/179/107 139/196/139 138/197/138 
f 123/165/123 139/196/139 140/198/140 124/162/124 
f 124/162/124 140/198/140 141/199/141 125/163/125 
f 109/182/109 106/180/106 138/197/138 141/199/141 
f 143/200/143 142/201/142 110/185/110 111/184/111 
f 143/200/143 111/184/111 112/186/112 144/202/144 
f 145/203/145 144/202/144 112/186/112 113/187/113 
f 145/203/145 113/187/113 110/185/110 142/201/142 
f 114/146/114 130/188/130 131/189/131 115/147/115 
f 115/147/115 131/189/131 132/190/132 116/144/116 
f 132/190/132 133/191/133 117/145/117 116/144/116 
f 133/191/133 130/188/130 114/146/114 117/145/117 
f 134/193/134 135/192/135 119/158/119 118/157/118 
f 135/192/135 136/194/136 120/159/120 119/158/119 
f 120/159/120 136/194/136 137/195/137 121/156/121 
f 121/156/121 137/195/137 134/193/134 118/157/118 
f 142/201/142 143/200/143 127/169/127 126/168/126 
f 127/169/127 143/200/143 144/202/144 128/166/128 
f 144/202/144 145/203/145 129/167/129 128/166/128 
f 129/167/129 145/203/145 142/201/142 126/168/126 
f 146/204/146 147/205/147 39/116/39 85/128/85 
f 147/205/147 148/206/148 40/117/40 39/116/39 
f 148/206/148 149/207/149 41/118/41 40/117/40 
f 41/118/41 149/207/149 150/208/150 42/120/42 
f 42/120/42 150/208/150 151/209/151 43/122/43 
f 151/209/151 152/210/152 44/125/44 43/122/43 
f 152/210/152 153/211/153 162/127/162 44/125/44 
f 153/211/153 146/204/146 85/128/85 162/127/162 
f 84/155/84 155/212/155 154/213/154 77/149/77 
f 156/214/156 155/212/155 84/155/84 87/126/87 
f 157/215/157 156/214/156 87/126/87 86/129/86 
f 154/213/154 157/215/157 86/129/86 77/149/77 
f 159/150/159 158/153/158 154/213/154 155/212/155 
f 160/151/160 159/150/159 155/212/155 156/214/156 
f 161/152/161 160/151/160 156/214/156 157/215/157 
f 158/153/158 161/152/161 157/215/157 154/213/154 
f 96/115/96 163/148/163 85/128/85 39/116/39 
f 96/115/96 97/130/97 78/160/78 163/148/163 
f 77/149/77 163/148/163 78/160/78 164/216/164 
f 84/155/84 77/149/77 164/216/164 165/217/165 
f 164/216/164 78/160/78 70/161/70 69/183/69 
f 165/217/165 164/216/164 69/183/69 76/174/76 
f 83/142/83 165/217/165 76/174/76 75/143/75 
f 83/142/83 91/154/91 84/155/84 165/217/165 
f 91/154/91 83/142/83 82/140/82 166/124/166 
f 91/154/91 166/124/166 44/125/44 162/127/162 
f 423/218/423 167/54/167 168/57/168 32/219/32 
f 168/57/168 169/58/169 33/220/33 32/219/32 
f 169/58/169 170/60/170 34/221/34 33/220/33 
f 34/221/34 170/60/170 171/63/171 35/222/35 
f 35/222/35 171/63/171 172/65/172 36/223/36 
f 36/223/36 172/65/172 173/67/173 37/224/37 
f 173/67/173 174/68/174 430/225/430 37/224/37 
f 174/68/174 167/54/167 423/218/423 430/225/430 
f 175/86/175 176/87/176 147/205/147 146/204/146 
f 176/87/176 177/88/177 148/206/148 147/205/147 
f 177/88/177 178/89/178 149/207/149 148/206/148 
f 149/207/149 178/89/178 179/90/179 150/208/150 
f 150/208/150 179/90/179 180/91/180 151/209/151 
f 180/91/180 181/92/181 152/210/152 151/209/151 
f 181/92/181 182/93/182 153/211/153 152/210/152 
f 182/93/182 175/86/175 146/204/146 153/211/153 
f 15/40/15 8/106/8 4/97/4 16/41/16 
f 16/41/16 4/97/4 12/95/12 17/43/17 
f 12/95/12 2/15/2 18/45/18 17/43/17 
f 2/15/2 7/14/7 19/47/19 18/45/18 
f 7/14/7 6/3/6 20/49/20 19/47/19 
f 6/3/6 14/32/14 21/51/21 20/49/20 
f 14/32/14 9/107/9 22/53/22 21/51/21 
f 22/53/22 9/107/9 8/106/8 15/40/15 
f 64/8/64 9/107/9 10/37/10 65/5/65 
f 274/226/274 669/227/669 670/228/670 188/229/188 
f 275/230/275 276/231/276 184/232/184 186/233/186 
f 276/231/276 277/234/277 185/235/185 184/232/184 
f 278/236/278 183/237/183 185/235/185 277/234/277 
f 274/226/274 188/229/188 183/237/183 278/236/278 
f 680/238/680 275/230/275 186/233/186 681/239/681 
f 383/240/383 388/241/388 190/242/190 186/233/186 
f 685/243/685 686/244/686 187/245/187 189/246/189 
f 670/228/670 685/243/685 189/246/189 188/229/188 
f 686/244/686 689/247/689 190/242/190 187/245/187 
f 384/248/384 383/240/383 186/233/186 184/232/184 
f 385/249/385 384/248/384 184/232/184 185/235/185 
f 385/249/385 185/235/185 183/237/183 386/250/386 
f 386/250/386 183/237/183 188/229/188 387/251/387 
f 389/252/389 189/246/189 187/245/187 390/253/390 
f 387/251/387 188/229/188 189/246/189 389/252/389 
f 388/241/388 390/253/390 187/245/187 190/242/190 
f 10/37/10 9/107/9 14/32/14 13/31/13 
f 412/254/412 216/255/216 217/256/217 413/257/413 
f 413/257/413 217/256/217 700/258/700 701/259/701 
f 702/260/702 703/261/703 195/262/195 237/263/237 
f 706/264/706 707/265/707 202/266/202 267/267/267 
f 68/9/68 194/268/194 711/269/711 452/10/452 
f 195/262/195 197/270/197 238/271/238 237/263/237 
f 267/267/267 202/266/202 203/272/203 266/273/266 
f 53/94/53 196/274/196 194/268/194 68/9/68 
f 238/271/238 249/275/249 228/276/228 192/100/192 
f 203/272/203 204/277/204 226/278/226 266/273/266 
f 54/96/54 198/279/198 196/274/196 53/94/53 
f 200/280/200 198/279/198 54/96/54 55/98/55 
f 201/281/201 200/280/200 55/98/55 67/99/67 
f 724/282/724 201/281/201 67/99/67 553/111/553 
f 194/268/194 202/266/202 707/265/707 711/269/711 
f 196/274/196 203/272/203 202/266/202 194/268/194 
f 198/279/198 204/277/204 203/272/203 196/274/196 
f 200/280/200 205/283/205 204/277/204 198/279/198 
f 201/281/201 206/284/206 205/283/205 200/280/200 
f 724/282/724 727/285/727 206/284/206 201/281/201 
f 208/286/208 248/287/248 227/288/227 197/270/197 
f 555/113/555 702/260/702 237/263/237 191/103/191 
f 237/263/237 238/271/238 192/100/192 191/103/191 
f 211/33/211 552/110/552 731/289/731 66/290/66 
f 212/34/212 211/33/211 66/290/66 193/291/193 
f 228/276/228 236/292/236 212/34/212 193/291/193 
f 253/293/253 251/294/251 263/295/263 252/296/252 
f 255/297/255 250/298/250 233/299/233 254/300/254 
f 230/301/230 226/278/226 204/277/204 268/302/268 
f 206/284/206 217/256/217 216/255/216 205/283/205 
f 727/285/727 700/258/700 217/256/217 206/284/206 
f 241/303/241 243/304/243 229/305/229 213/306/213 
f 268/302/268 395/307/395 219/308/219 230/301/230 
f 242/309/242 401/310/401 218/311/218 214/312/214 
f 229/305/229 406/35/406 212/34/212 236/292/236 
f 220/313/220 210/314/210 239/315/239 244/316/244 
f 245/317/245 221/318/221 199/319/199 240/320/240 
f 232/321/232 222/322/222 209/323/209 231/324/231 
f 223/325/223 215/326/215 242/309/242 246/327/246 
f 224/328/224 214/312/214 241/303/241 247/329/247 
f 234/330/234 235/331/235 210/314/210 220/313/220 
f 230/301/230 231/324/231 209/323/209 226/278/226 
f 248/287/248 226/278/226 209/323/209 240/320/240 
f 249/275/249 227/288/227 199/319/199 239/315/239 
f 236/292/236 228/276/228 210/314/210 235/331/235 
f 215/326/215 231/324/231 230/301/230 219/308/219 
f 223/325/223 232/321/232 231/324/231 215/326/215 
f 250/298/250 257/332/257 258/333/258 259/334/259 
f 261/335/261 251/294/251 233/299/233 260/336/260 
f 235/331/235 234/330/234 225/337/225 213/306/213 
f 236/292/236 235/331/235 213/306/213 229/305/229 
f 227/288/227 249/275/249 238/271/238 197/270/197 
f 780/338/780 207/339/207 195/262/195 703/261/703 
f 207/339/207 208/286/208 197/270/197 195/262/195 
f 251/294/251 253/293/253 254/300/254 233/299/233 
f 250/298/250 255/297/255 256/340/256 257/332/257 
f 243/304/243 241/303/241 214/312/214 218/311/218 
f 401/310/401 242/309/242 215/326/215 219/308/219 
f 244/316/244 239/315/239 199/319/199 221/318/221 
f 222/322/222 245/317/245 240/320/240 209/323/209 
f 246/327/246 242/309/242 214/312/214 224/328/224 
f 247/329/247 241/303/241 213/306/213 225/337/225 
f 248/287/248 240/320/240 199/319/199 227/288/227 
f 228/276/228 249/275/249 239/315/239 210/314/210 
f 250/298/250 259/334/259 260/336/260 233/299/233 
f 251/294/251 261/335/261 262/341/262 263/295/263 
f 253/293/253 252/296/252 220/313/220 244/316/244 
f 254/300/254 253/293/253 244/316/244 221/318/221 
f 255/297/255 254/300/254 221/318/221 245/317/245 
f 256/340/256 255/297/255 245/317/245 222/322/222 
f 257/332/257 256/340/256 222/322/222 232/321/232 
f 258/333/258 257/332/257 232/321/232 223/325/223 
f 259/334/259 258/333/258 223/325/223 246/327/246 
f 260/336/260 259/334/259 246/327/246 224/328/224 
f 261/335/261 260/336/260 224/328/224 247/329/247 
f 262/341/262 261/335/261 247/329/247 225/337/225 
f 263/295/263 262/341/262 225/337/225 234/330/234 
f 252/296/252 263/295/263 234/330/234 220/313/220 
f 228/276/228 193/291/193 264/101/264 192/100/192 
f 265/102/265 264/101/264 193/291/193 66/290/66 
f 554/112/554 265/102/265 66/290/66 731/289/731 
f 208/286/208 266/273/266 226/278/226 248/287/248 
f 207/339/207 267/267/267 266/273/266 208/286/208 
f 780/338/780 706/264/706 267/267/267 207/339/207 
f 204/277/204 205/283/205 216/255/216 268/302/268 
f 395/307/395 268/302/268 216/255/216 412/254/412 
f 269/17/269 458/16/458 784/342/784 57/343/57 
f 271/26/271 270/25/270 65/5/65 10/37/10 
f 5/2/5 273/30/273 272/29/272 13/31/13 
f 271/26/271 272/29/272 11/28/11 3/23/3 
f 273/30/273 269/17/269 57/343/57 1/27/1 
f 786/344/786 550/108/550 270/25/270 58/24/58 
f 669/227/669 274/226/274 57/343/57 784/342/784 
f 276/231/276 275/230/275 58/24/58 3/23/3 
f 11/28/11 277/234/277 276/231/276 3/23/3 
f 1/27/1 278/236/278 277/234/277 11/28/11 
f 57/343/57 274/226/274 278/236/278 1/27/1 
f 275/230/275 680/238/680 786/344/786 58/24/58 
f 279/345/279 280/346/280 281/347/281 282/348/282 
f 279/345/279 282/348/282 283/349/283 284/350/284 
f 284/350/284 283/349/283 285/351/285 286/352/286 
f 286/352/286 285/351/285 287/353/287 288/354/288 
f 280/346/280 289/355/289 290/356/290 281/347/281 
f 291/357/291 292/358/292 293/359/293 294/360/294 
f 288/354/288 287/353/287 293/359/293 292/358/292 
f 289/355/289 291/357/291 294/360/294 290/356/290 
f 295/361/295 296/362/296 297/363/297 298/364/298 
f 299/365/299 298/364/298 297/363/297 300/366/300 
f 301/367/301 302/368/302 303/369/303 304/370/304 
f 299/365/299 300/366/300 302/368/302 301/367/301 
f 305/371/305 304/370/304 303/369/303 306/372/306 
f 307/373/307 308/374/308 309/375/309 310/376/310 
f 310/376/310 309/375/309 311/377/311 312/378/312 
f 312/378/312 311/377/311 313/379/313 314/380/314 
f 313/379/313 315/381/315 316/382/316 314/380/314 
f 317/383/317 308/374/308 307/373/307 318/384/318 
f 319/385/319 320/386/320 321/387/321 322/388/322 
f 315/381/315 320/386/320 319/385/319 316/382/316 
f 321/387/321 317/383/317 318/384/318 322/388/322 
f 323/389/323 324/390/324 325/391/325 326/392/326 
f 295/361/295 326/392/326 325/391/325 296/362/296 
f 305/371/305 306/372/306 324/390/324 323/389/323 
f 327/393/327 328/394/328 282/348/282 281/347/281 
f 282/348/282 328/394/328 329/395/329 283/349/283 
f 283/349/283 329/395/329 330/396/330 285/351/285 
f 285/351/285 330/396/330 331/397/331 287/353/287 
f 332/398/332 327/393/327 281/347/281 290/356/290 
f 333/399/333 334/400/334 294/360/294 293/359/293 
f 287/353/287 331/397/331 333/399/333 293/359/293 
f 334/400/334 332/398/332 290/356/290 294/360/294 
f 280/346/280 279/345/279 335/401/335 336/402/336 
f 335/401/335 279/345/279 284/350/284 337/403/337 
f 337/403/337 284/350/284 286/352/286 338/404/338 
f 338/404/338 286/352/286 288/354/288 339/405/339 
f 289/355/289 280/346/280 336/402/336 340/406/340 
f 341/407/341 292/358/292 291/357/291 342/408/342 
f 288/354/288 292/358/292 341/407/341 339/405/339 
f 291/357/291 289/355/289 340/406/340 342/408/342 
f 345/409/345 346/410/346 347/411/347 440/412/440 
f 348/413/348 349/414/349 350/415/350 441/416/441 
f 350/415/350 349/414/349 351/417/351 352/418/352 
f 299/365/299 301/367/301 353/419/353 354/420/354 
f 355/421/355 298/364/298 299/365/299 354/420/354 
f 356/422/356 295/361/295 298/364/298 355/421/355 
f 346/410/346 295/361/295 356/422/356 347/411/347 
f 305/371/305 323/389/323 351/417/351 349/414/349 
f 357/423/357 305/371/305 349/414/349 348/413/348 
f 304/370/304 305/371/305 357/423/357 358/424/358 
f 353/419/353 301/367/301 304/370/304 358/424/358 
f 324/390/324 307/373/307 310/376/310 325/391/325 
f 359/425/359 309/375/309 308/374/308 360/426/360 
f 325/391/325 310/376/310 312/378/312 296/362/296 
f 361/427/361 311/377/311 309/375/309 359/425/359 
f 296/362/296 312/378/312 314/380/314 297/363/297 
f 313/379/313 311/377/311 361/427/361 362/428/362 
f 314/380/314 316/382/316 300/366/300 297/363/297 
f 315/381/315 313/379/313 362/428/362 363/429/363 
f 318/384/318 307/373/307 324/390/324 306/372/306 
f 308/374/308 317/383/317 364/430/364 360/426/360 
f 302/368/302 319/385/319 322/388/322 303/369/303 
f 365/431/365 321/387/321 320/386/320 366/432/366 
f 316/382/316 319/385/319 302/368/302 300/366/300 
f 320/386/320 315/381/315 363/429/363 366/432/366 
f 322/388/322 318/384/318 306/372/306 303/369/303 
f 364/430/364 317/383/317 321/387/321 365/431/365 
f 367/433/367 368/434/368 328/394/328 327/393/327 
f 368/434/368 367/433/367 369/435/369 370/436/370 
f 328/394/328 368/434/368 371/437/371 329/395/329 
f 372/438/372 371/437/371 368/434/368 370/436/370 
f 329/395/329 371/437/371 373/439/373 330/396/330 
f 374/440/374 373/439/373 371/437/371 372/438/372 
f 330/396/330 373/439/373 375/441/375 331/397/331 
f 376/442/376 375/441/375 373/439/373 374/440/374 
f 377/443/377 367/433/367 327/393/327 332/398/332 
f 367/433/367 377/443/377 378/444/378 369/435/369 
f 379/445/379 380/446/380 334/400/334 333/399/333 
f 380/446/380 379/445/379 381/447/381 382/448/382 
f 331/397/331 375/441/375 379/445/379 333/399/333 
f 381/447/381 379/445/379 375/441/375 376/442/376 
f 380/446/380 377/443/377 332/398/332 334/400/334 
f 377/443/377 380/446/380 382/448/382 378/444/378 
f 383/240/383 384/248/384 370/436/370 369/435/369 
f 384/248/384 385/249/385 372/438/372 370/436/370 
f 372/438/372 385/249/385 386/250/386 374/440/374 
f 374/440/374 386/250/386 387/251/387 376/442/376 
f 388/241/388 383/240/383 369/435/369 378/444/378 
f 381/447/381 389/252/389 390/253/390 382/448/382 
f 376/442/376 387/251/387 389/252/389 381/447/381 
f 390/253/390 388/241/388 378/444/378 382/448/382 
f 355/421/355 354/420/354 353/419/353 358/424/358 
f 356/422/356 355/421/355 358/424/358 357/423/357 
f 357/423/357 348/413/348 347/411/347 356/422/356 
f 343/449/343 344/450/344 352/418/352 351/417/351 
f 326/392/326 343/449/343 351/417/351 323/389/323 
f 343/449/343 326/392/326 295/361/295 346/410/346 
f 345/409/345 344/450/344 343/449/343 346/410/346 
f 391/451/391 439/452/439 440/412/440 347/411/347 
f 392/453/392 391/451/391 347/411/347 348/413/348 
f 441/416/441 442/454/442 392/453/392 348/413/348 
f 391/451/391 392/453/392 442/454/442 439/452/439 
f 360/426/360 336/402/336 335/401/335 359/425/359 
f 359/425/359 335/401/335 337/403/337 361/427/361 
f 361/427/361 337/403/337 338/404/338 362/428/362 
f 362/428/362 338/404/338 339/405/339 363/429/363 
f 364/430/364 340/406/340 336/402/336 360/426/360 
f 366/432/366 341/407/341 342/408/342 365/431/365 
f 363/429/363 339/405/339 341/407/341 366/432/366 
f 365/431/365 342/408/342 340/406/340 364/430/364 
f 218/311/218 393/455/393 394/456/394 243/304/243 
f 395/307/395 396/457/396 397/458/397 219/308/219 
f 398/459/398 902/460/902 903/461/903 399/462/399 
f 219/308/219 397/458/397 400/463/400 401/310/401 
f 402/464/402 907/465/907 908/466/908 403/467/403 
f 229/305/229 404/468/404 405/469/405 406/35/406 
f 407/470/407 913/471/913 907/465/907 402/464/402 
f 396/457/396 407/470/407 402/464/402 397/458/397 
f 403/467/403 400/463/400 397/458/397 402/464/402 
f 399/462/399 394/456/394 393/455/393 398/459/398 
f 408/472/408 405/469/405 404/468/404 409/473/409 
f 916/474/916 408/472/408 409/473/409 917/475/917 
f 410/36/410 406/35/406 405/469/405 408/472/408 
f 551/109/551 410/36/410 408/472/408 916/474/916 
f 411/476/411 412/254/412 413/257/413 414/477/414 
f 414/477/414 413/257/413 701/259/701 920/478/920 
f 243/304/243 394/456/394 404/468/404 229/305/229 
f 399/462/399 903/461/903 917/475/917 409/473/409 
f 401/310/401 400/463/400 393/455/393 218/311/218 
f 403/467/403 908/466/908 902/460/902 398/459/398 
f 400/463/400 403/467/403 398/459/398 393/455/393 
f 394/456/394 399/462/399 409/473/409 404/468/404 
f 396/457/396 395/307/395 412/254/412 411/476/411 
f 407/470/407 396/457/396 411/476/411 414/477/414 
f 913/471/913 407/470/407 414/477/414 920/478/920 
f 415/55/415 23/39/23 24/38/24 416/56/416 
f 416/56/416 24/38/24 25/42/25 417/59/417 
f 417/59/417 25/42/25 26/44/26 418/61/418 
f 418/61/418 26/44/26 27/46/27 419/62/419 
f 419/62/419 27/46/27 28/48/28 420/64/420 
f 420/64/420 28/48/28 29/50/29 421/66/421 
f 421/66/421 29/50/29 30/52/30 422/69/422 
f 422/69/422 30/52/30 23/39/23 415/55/415 
f 32/219/32 424/72/424 31/71/31 423/218/423 
f 33/220/33 425/75/425 424/72/424 32/219/32 
f 34/221/34 426/77/426 425/75/425 33/220/33 
f 35/222/35 427/78/427 426/77/426 34/221/34 
f 36/223/36 428/80/428 427/78/427 35/222/35 
f 37/224/37 429/82/429 428/80/428 36/223/36 
f 430/225/430 38/84/38 429/82/429 37/224/37 
f 423/218/423 31/71/31 38/84/38 430/225/430 
f 186/233/186 190/242/190 689/247/689 681/239/681 
f 141/199/141 138/197/138 122/164/122 125/163/125 
f 109/182/109 141/199/141 140/198/140 108/181/108 
f 108/181/108 140/198/140 139/196/139 107/179/107 
f 138/197/138 139/196/139 123/165/123 122/164/122 
f 436/479/436 432/480/432 345/409/345 440/412/440 
f 433/481/433 437/482/437 441/416/441 350/415/350 
f 434/483/434 433/481/433 350/415/350 352/418/352 
f 431/484/431 434/483/434 352/418/352 344/450/344 
f 432/480/432 431/484/431 344/450/344 345/409/345 
f 438/485/438 437/482/437 433/481/433 434/483/434 
f 435/486/435 438/485/438 434/483/434 431/484/431 
f 436/479/436 435/486/435 431/484/431 432/480/432 
f 442/454/442 441/416/441 437/482/437 438/485/438 
f 439/452/439 442/454/442 438/485/438 435/486/435 
f 440/412/440 439/452/439 435/486/435 436/479/436 
f 443/487/443 446/488/446 445/489/445 444/490/444 
f 447/491/447 450/492/450 449/7/449 448/6/448 
f 451/493/451 454/494/454 453/11/453 452/10/452 
f 454/494/454 457/495/457 456/496/456 455/497/455 
f 446/488/446 455/497/455 456/496/456 445/489/445 
f 458/16/458 460/18/460 443/487/443 459/498/459 
f 461/499/461 464/500/464 463/21/463 462/20/462 
f 461/499/461 462/20/462 449/7/449 450/492/450 
f 465/501/465 468/502/468 467/503/467 466/504/466 
f 469/505/469 472/506/472 471/507/471 470/508/470 
f 473/509/473 444/490/444 445/489/445 474/510/474 
f 475/511/475 478/512/478 477/513/477 476/514/476 
f 468/502/468 471/507/471 473/509/473 479/515/479 
f 480/516/480 483/517/483 482/518/482 481/519/481 
f 484/520/484 485/521/485 483/517/483 480/516/480 
f 486/522/486 487/523/487 485/521/485 484/520/484 
f 488/524/488 489/525/489 487/523/487 486/522/486 
f 490/526/490 491/527/491 489/525/489 488/524/488 
f 492/528/492 493/529/493 491/527/491 490/526/490 
f 494/530/494 495/531/495 493/529/493 492/528/492 
f 481/519/481 482/518/482 495/531/495 494/530/494 
f 496/532/496 499/533/499 498/534/498 497/535/497 
f 500/536/500 501/537/501 498/534/498 499/533/499 
f 502/538/502 503/539/503 501/537/501 500/536/500 
f 502/538/502 505/540/505 504/541/504 503/539/503 
f 505/540/505 507/542/507 506/543/506 504/541/504 
f 507/542/507 509/544/509 508/545/508 506/543/506 
f 510/546/510 511/547/511 508/545/508 509/544/509 
f 496/532/496 497/535/497 511/547/511 510/546/510 
f 512/548/512 515/549/515 514/550/514 513/551/513 
f 516/552/516 517/553/517 514/550/514 515/549/515 
f 518/554/518 519/555/519 517/553/517 516/552/516 
f 518/554/518 521/556/521 520/557/520 519/555/519 
f 521/556/521 523/558/523 522/559/522 520/557/520 
f 523/558/523 525/560/525 524/561/524 522/559/522 
f 525/560/525 527/562/527 526/563/526 524/561/524 
f 512/548/512 513/551/513 526/563/526 527/562/527 
f 528/564/528 529/565/529 515/549/515 512/548/512 
f 515/549/515 529/565/529 530/566/530 516/552/516 
f 516/552/516 530/566/530 531/567/531 518/554/518 
f 531/567/531 532/568/532 521/556/521 518/554/518 
f 532/568/532 533/569/533 523/558/523 521/556/521 
f 533/569/533 534/570/534 525/560/525 523/558/523 
f 525/560/525 534/570/534 535/571/535 527/562/527 
f 527/562/527 535/571/535 528/564/528 512/548/512 
f 536/572/536 538/573/538 537/574/537 457/495/457 
f 539/575/539 537/574/537 538/573/538 540/576/540 
f 464/500/464 539/575/539 540/576/540 541/577/541 
f 542/578/542 545/579/545 544/580/544 543/581/543 
f 443/487/443 460/18/460 546/104/546 446/488/446 
f 536/572/536 457/495/457 454/494/454 451/493/451 
f 455/497/455 547/105/547 453/11/453 454/494/454 
f 546/104/546 547/105/547 455/497/455 446/488/446 
f 444/490/444 472/506/472 459/498/459 443/487/443 
f 548/582/548 539/575/539 464/500/464 461/499/461 
f 450/492/450 549/583/549 548/582/548 461/499/461 
f 550/108/550 467/503/467 447/491/447 448/6/448 
f 551/109/551 478/512/478 475/511/475 552/110/552 
f 541/577/541 553/111/553 463/21/463 464/500/464 
f 554/112/554 544/580/544 545/579/545 555/113/555 
f 556/584/556 559/585/559 558/586/558 557/587/557 
f 556/584/556 561/588/561 560/589/560 559/585/559 
f 561/588/561 563/590/563 562/591/562 560/589/560 
f 563/590/563 565/592/565 564/593/564 562/591/562 
f 566/594/566 567/595/567 564/593/564 565/592/565 
f 568/596/568 571/597/571 570/598/570 569/599/569 
f 572/600/572 575/601/575 574/602/574 573/603/573 
f 576/604/576 579/605/579 578/606/578 577/607/577 
f 578/606/578 581/608/581 580/609/580 577/607/577 
f 581/608/581 583/610/583 582/611/582 580/609/580 
f 583/610/583 585/612/585 584/613/584 582/611/582 
f 586/614/586 589/615/589 588/616/588 587/617/587 
f 590/618/590 570/598/570 571/597/571 591/619/591 
f 592/620/592 595/621/595 594/622/594 593/623/593 
f 596/624/596 597/625/597 568/596/568 569/599/569 
f 577/607/577 563/590/563 561/588/561 576/604/576 
f 580/609/580 565/592/565 563/590/563 577/607/577 
f 582/611/582 566/594/566 565/592/565 580/609/580 
f 598/626/598 601/627/601 600/628/600 599/629/599 
f 573/603/573 574/602/574 579/605/579 576/604/576 
f 561/588/561 556/584/556 573/603/573 576/604/576 
f 557/587/557 572/600/572 573/603/573 556/584/556 
f 602/630/602 603/631/603 575/601/575 572/600/572 
f 604/632/604 607/633/607 606/634/606 605/635/605 
f 608/636/608 611/637/611 610/638/610 609/639/609 
f 612/640/612 574/602/574 575/601/575 613/641/613 
f 614/642/614 585/612/585 574/602/574 612/640/612 
f 615/643/615 616/644/616 585/612/585 614/642/614 
f 613/641/613 575/601/575 616/644/616 615/643/615 
f 617/645/617 585/612/585 583/610/583 618/646/618 
f 619/647/619 574/602/574 585/612/585 617/645/617 
f 620/648/620 579/605/579 574/602/574 619/647/619 
f 618/646/618 583/610/583 579/605/579 620/648/620 
f 621/649/621 575/601/575 603/631/603 622/650/622 
f 623/651/623 616/644/616 575/601/575 621/649/621 
f 624/652/624 625/653/625 616/644/616 623/651/623 
f 622/650/622 603/631/603 625/653/625 624/652/624 
f 626/654/626 581/608/581 578/606/578 627/655/627 
f 628/656/628 583/610/583 581/608/581 626/654/626 
f 629/657/629 579/605/579 583/610/583 628/656/628 
f 627/655/627 578/606/578 579/605/579 629/657/629 
f 630/658/630 631/659/631 612/640/612 613/641/613 
f 631/659/631 632/660/632 614/642/614 612/640/612 
f 633/661/633 615/643/615 614/642/614 632/660/632 
f 630/658/630 613/641/613 615/643/615 633/661/633 
f 634/662/634 617/645/617 618/646/618 635/663/635 
f 636/664/636 619/647/619 617/645/617 634/662/634 
f 636/664/636 637/665/637 620/648/620 619/647/619 
f 637/665/637 635/663/635 618/646/618 620/648/620 
f 622/650/622 639/666/639 638/667/638 621/649/621 
f 607/633/607 604/632/604 640/668/640 638/667/638 
f 604/632/604 605/635/605 641/669/641 640/668/640 
f 624/652/624 641/669/641 639/666/639 622/650/622 
f 642/670/642 626/654/626 627/655/627 643/671/643 
f 642/670/642 644/672/644 628/656/628 626/654/626 
f 645/673/645 629/657/629 628/656/628 644/672/644 
f 645/673/645 643/671/643 627/655/627 629/657/629 
f 588/616/588 589/615/589 631/659/631 630/658/630 
f 589/615/589 586/614/586 632/660/632 631/659/631 
f 632/660/632 586/614/586 587/617/587 633/661/633 
f 633/661/633 587/617/587 588/616/588 630/658/630 
f 635/663/635 599/629/599 600/628/600 634/662/634 
f 634/662/634 600/628/600 601/627/601 636/664/636 
f 601/627/601 598/626/598 637/665/637 636/664/636 
f 598/626/598 599/629/599 635/663/635 637/665/637 
f 643/671/643 610/638/610 611/637/611 642/670/642 
f 611/637/611 608/636/608 644/672/644 642/670/642 
f 644/672/644 608/636/608 609/639/609 645/673/645 
f 609/639/609 610/638/610 643/671/643 645/673/645 
f 646/674/646 570/598/570 558/586/558 647/675/647 
f 647/675/647 558/586/558 559/585/559 648/676/648 
f 648/676/648 559/585/559 560/589/560 649/677/649 
f 560/589/560 562/591/562 650/678/650 649/677/649 
f 562/591/562 564/593/564 651/679/651 650/678/650 
f 651/679/651 564/593/564 567/595/567 652/680/652 
f 652/680/652 567/595/567 569/599/569 653/681/653 
f 653/681/653 569/599/569 570/598/570 646/674/646 
f 597/625/597 591/619/591 655/682/655 654/683/654 
f 656/684/656 568/596/568 597/625/597 654/683/654 
f 657/685/657 571/597/571 568/596/568 656/684/656 
f 655/682/655 591/619/591 571/597/571 657/685/657 
f 592/620/592 654/683/654 655/682/655 595/621/595 
f 593/623/593 656/684/656 654/683/654 592/620/592 
f 594/622/594 657/685/657 656/684/656 593/623/593 
f 595/621/595 655/682/655 657/685/657 594/622/594 
f 557/587/557 558/586/558 570/598/570 590/618/590 
f 557/587/557 590/618/590 602/630/602 572/600/572 
f 591/619/591 658/686/658 602/630/602 590/618/590 
f 597/625/597 659/687/659 658/686/658 591/619/591 
f 658/686/658 625/653/625 603/631/603 602/630/602 
f 659/687/659 616/644/616 625/653/625 658/686/658 
f 584/613/584 585/612/585 616/644/616 659/687/659 
f 584/613/584 659/687/659 597/625/597 596/624/596 
f 596/624/596 566/594/566 582/611/582 584/613/584 
f 596/624/596 569/599/569 567/595/567 566/594/566 
f 660/688/660 661/689/661 499/533/499 496/532/496 
f 499/533/499 661/689/661 662/690/662 500/536/500 
f 500/536/500 662/690/662 663/691/663 502/538/502 
f 663/691/663 664/692/664 505/540/505 502/538/502 
f 664/692/664 665/693/665 507/542/507 505/540/505 
f 665/693/665 666/694/666 509/544/509 507/542/507 
f 509/544/509 666/694/666 667/695/667 510/546/510 
f 510/546/510 667/695/667 660/688/660 496/532/496 
f 528/564/528 646/674/646 647/675/647 529/565/529 
f 529/565/529 647/675/647 648/676/648 530/566/530 
f 530/566/530 648/676/648 649/677/649 531/567/531 
f 649/677/649 650/678/650 532/568/532 531/567/531 
f 650/678/650 651/679/651 533/569/533 532/568/532 
f 533/569/533 651/679/651 652/680/652 534/570/534 
f 534/570/534 652/680/652 653/681/653 535/571/535 
f 535/571/535 653/681/653 646/674/646 528/564/528 
f 482/518/482 483/517/483 539/575/539 548/582/548 
f 483/517/483 485/521/485 537/574/537 539/575/539 
f 537/574/537 485/521/485 487/523/487 457/495/457 
f 457/495/457 487/523/487 489/525/489 456/496/456 
f 456/496/456 489/525/489 491/527/491 445/489/445 
f 445/489/445 491/527/491 493/529/493 474/510/474 
f 474/510/474 493/529/493 495/531/495 549/583/549 
f 495/531/495 482/518/482 548/582/548 549/583/549 
f 450/492/450 447/491/447 479/515/479 549/583/549 
f 668/696/668 671/697/671 670/228/670 669/227/669 
f 672/698/672 675/699/675 674/700/674 673/701/673 
f 673/701/673 674/700/674 677/702/677 676/703/676 
f 678/704/678 676/703/676 677/702/677 679/705/679 
f 668/696/668 678/704/678 679/705/679 671/697/671 
f 680/238/680 681/239/681 675/699/675 672/698/672 
f 683/706/683 675/699/675 682/707/682 684/708/684 
f 685/243/685 688/709/688 687/710/687 686/244/686 
f 670/228/670 671/697/671 688/709/688 685/243/685 
f 686/244/686 687/710/687 682/707/682 689/247/689 
f 690/711/690 674/700/674 675/699/675 683/706/683 
f 691/712/691 677/702/677 674/700/674 690/711/690 
f 691/712/691 692/713/692 679/705/679 677/702/677 
f 692/713/692 693/714/693 671/697/671 679/705/679 
f 694/715/694 695/716/695 687/710/687 688/709/688 
f 693/714/693 694/715/694 688/709/688 671/697/671 
f 684/708/684 682/707/682 687/710/687 695/716/695 
f 479/515/479 473/509/473 474/510/474 549/583/549 
f 696/717/696 699/718/699 698/719/698 697/720/697 
f 699/718/699 701/259/701 700/258/700 698/719/698 
f 702/260/702 705/721/705 704/722/704 703/261/703 
f 706/264/706 709/723/709 708/724/708 707/265/707 
f 451/493/451 452/10/452 711/269/711 710/725/710 
f 704/722/704 705/721/705 713/726/713 712/727/712 
f 709/723/709 715/728/715 714/729/714 708/724/708 
f 536/572/536 451/493/451 710/725/710 716/730/716 
f 713/726/713 542/578/542 718/731/718 717/732/717 
f 714/729/714 715/728/715 720/733/720 719/734/719 
f 538/573/538 536/572/536 716/730/716 721/735/721 
f 722/736/722 540/576/540 538/573/538 721/735/721 
f 723/737/723 541/577/541 540/576/540 722/736/722 
f 724/282/724 553/111/553 541/577/541 723/737/723 
f 710/725/710 711/269/711 707/265/707 708/724/708 
f 716/730/716 710/725/710 708/724/708 714/729/714 
f 721/735/721 716/730/716 714/729/714 719/734/719 
f 722/736/722 721/735/721 719/734/719 725/738/725 
f 723/737/723 722/736/722 725/738/725 726/739/726 
f 724/282/724 723/737/723 726/739/726 727/285/727 
f 728/740/728 712/727/712 730/741/730 729/742/729 
f 555/113/555 545/579/545 705/721/705 702/260/702 
f 705/721/705 545/579/545 542/578/542 713/726/713 
f 475/511/475 732/743/732 731/289/731 552/110/552 
f 476/514/476 733/744/733 732/743/732 475/511/475 
f 718/731/718 733/744/733 476/514/476 734/745/734 
f 735/746/735 738/747/738 737/748/737 736/749/736 
f 739/750/739 742/751/742 741/752/741 740/753/740 
f 743/754/743 744/755/744 719/734/719 720/733/720 
f 726/739/726 725/738/725 697/720/697 698/719/698 
f 727/285/727 726/739/726 698/719/698 700/258/700 
f 745/756/745 748/757/748 747/758/747 746/759/746 
f 744/755/744 743/754/743 750/760/750 749/761/749 
f 751/762/751 754/763/754 753/764/753 752/765/752 
f 747/758/747 734/745/734 476/514/476 477/513/477 
f 755/766/755 758/767/758 757/768/757 756/769/756 
f 759/770/759 762/771/762 761/772/761 760/773/760 
f 763/774/763 766/775/766 765/776/765 764/777/764 
f 767/778/767 769/779/769 751/762/751 768/780/768 
f 770/781/770 771/782/771 745/756/745 754/763/754 
f 772/783/772 755/766/755 756/769/756 773/784/773 
f 743/754/743 720/733/720 765/776/765 766/775/766 
f 729/742/729 762/771/762 765/776/765 720/733/720 
f 717/732/717 757/768/757 761/772/761 730/741/730 
f 734/745/734 773/784/773 756/769/756 718/731/718 
f 768/780/768 750/760/750 743/754/743 766/775/766 
f 767/778/767 768/780/768 766/775/766 763/774/763 
f 740/753/740 776/785/776 775/786/775 774/787/774 
f 777/788/777 778/789/778 741/752/741 736/749/736 
f 773/784/773 748/757/748 779/790/779 772/783/772 
f 734/745/734 747/758/747 748/757/748 773/784/773 
f 730/741/730 712/727/712 713/726/713 717/732/717 
f 780/338/780 703/261/703 704/722/704 781/791/781 
f 781/791/781 704/722/704 712/727/712 728/740/728 
f 736/749/736 741/752/741 742/751/742 735/746/735 
f 740/753/740 774/787/774 782/792/782 739/750/739 
f 746/759/746 753/764/753 754/763/754 745/756/745 
f 752/765/752 750/760/750 768/780/768 751/762/751 
f 758/767/758 760/773/760 761/772/761 757/768/757 
f 764/777/764 765/776/765 762/771/762 759/770/759 
f 769/779/769 770/781/770 754/763/754 751/762/751 
f 771/782/771 779/790/779 748/757/748 745/756/745 
f 729/742/729 730/741/730 761/772/761 762/771/762 
f 718/731/718 756/769/756 757/768/757 717/732/717 
f 740/753/740 741/752/741 778/789/778 776/785/776 
f 736/749/736 737/748/737 783/793/783 777/788/777 
f 735/746/735 758/767/758 755/766/755 738/747/738 
f 742/751/742 760/773/760 758/767/758 735/746/735 
f 739/750/739 759/770/759 760/773/760 742/751/742 
f 782/792/782 764/777/764 759/770/759 739/750/739 
f 774/787/774 763/774/763 764/777/764 782/792/782 
f 775/786/775 767/778/767 763/774/763 774/787/774 
f 776/785/776 769/779/769 767/778/767 775/786/775 
f 778/789/778 770/781/770 769/779/769 776/785/776 
f 777/788/777 771/782/771 770/781/770 778/789/778 
f 783/793/783 779/790/779 771/782/771 777/788/777 
f 737/748/737 772/783/772 779/790/779 783/793/783 
f 738/747/738 755/766/755 772/783/772 737/748/737 
f 718/731/718 542/578/542 543/581/543 733/744/733 
f 544/580/544 732/743/732 733/744/733 543/581/543 
f 554/112/554 731/289/731 732/743/732 544/580/544 
f 728/740/728 729/742/729 720/733/720 715/728/715 
f 781/791/781 728/740/728 715/728/715 709/723/709 
f 780/338/780 781/791/781 709/723/709 706/264/706 
f 719/734/719 744/755/744 697/720/697 725/738/725 
f 749/761/749 696/717/696 697/720/697 744/755/744 
f 459/498/459 785/794/785 784/342/784 458/16/458 
f 468/502/468 479/515/479 447/491/447 467/503/467 
f 444/490/444 473/509/473 471/507/471 472/506/472 
f 468/502/468 465/501/465 470/508/470 471/507/471 
f 472/506/472 469/505/469 785/794/785 459/498/459 
f 786/344/786 466/504/466 467/503/467 550/108/550 
f 669/227/669 784/342/784 785/794/785 668/696/668 
f 673/701/673 465/501/465 466/504/466 672/698/672 
f 470/508/470 465/501/465 673/701/673 676/703/676 
f 469/505/469 470/508/470 676/703/676 678/704/678 
f 785/794/785 469/505/469 678/704/678 668/696/668 
f 672/698/672 466/504/466 786/344/786 680/238/680 
f 787/795/787 790/796/790 789/797/789 788/798/788 
f 787/795/787 792/799/792 791/800/791 790/796/790 
f 792/799/792 794/801/794 793/802/793 791/800/791 
f 794/801/794 796/803/796 795/804/795 793/802/793 
f 788/798/788 789/797/789 798/805/798 797/806/797 
f 799/807/799 802/808/802 801/809/801 800/810/800 
f 796/803/796 800/810/800 801/809/801 795/804/795 
f 797/806/797 798/805/798 802/808/802 799/807/799 
f 803/811/803 806/812/806 805/813/805 804/814/804 
f 807/815/807 808/816/808 805/813/805 806/812/806 
f 809/817/809 812/818/812 811/819/811 810/820/810 
f 807/815/807 809/817/809 810/820/810 808/816/808 
f 813/821/813 814/822/814 811/819/811 812/818/812 
f 815/823/815 818/824/818 817/825/817 816/826/816 
f 818/824/818 820/827/820 819/828/819 817/825/817 
f 820/827/820 822/829/822 821/830/821 819/828/819 
f 821/830/821 822/829/822 824/831/824 823/832/823 
f 825/833/825 826/834/826 815/823/815 816/826/816 
f 827/835/827 830/836/830 829/837/829 828/838/828 
f 823/832/823 824/831/824 827/835/827 828/838/828 
f 829/837/829 830/836/830 826/834/826 825/833/825 
f 831/839/831 834/840/834 833/841/833 832/842/832 
f 803/811/803 804/814/804 833/841/833 834/840/834 
f 813/821/813 831/839/831 832/842/832 814/822/814 
f 835/843/835 789/797/789 790/796/790 836/844/836 
f 790/796/790 791/800/791 837/845/837 836/844/836 
f 791/800/791 793/802/793 838/846/838 837/845/837 
f 793/802/793 795/804/795 839/847/839 838/846/838 
f 840/848/840 798/805/798 789/797/789 835/843/835 
f 841/849/841 801/809/801 802/808/802 842/850/842 
f 795/804/795 801/809/801 841/849/841 839/847/839 
f 842/850/842 802/808/802 798/805/798 840/848/840 
f 788/798/788 844/851/844 843/852/843 787/795/787 
f 843/852/843 845/853/845 792/799/792 787/795/787 
f 845/853/845 846/854/846 794/801/794 792/799/792 
f 846/854/846 847/855/847 796/803/796 794/801/794 
f 797/806/797 848/856/848 844/851/844 788/798/788 
f 849/857/849 850/858/850 799/807/799 800/810/800 
f 796/803/796 847/855/847 849/857/849 800/810/800 
f 799/807/799 850/858/850 848/856/848 797/806/797 
f 851/859/851 854/860/854 853/861/853 852/862/852 
f 855/863/855 858/864/858 857/865/857 856/866/856 
f 857/865/857 860/867/860 859/868/859 856/866/856 
f 807/815/807 862/869/862 861/870/861 809/817/809 
f 863/871/863 862/869/862 807/815/807 806/812/806 
f 864/872/864 863/871/863 806/812/806 803/811/803 
f 852/862/852 853/861/853 864/872/864 803/811/803 
f 813/821/813 856/866/856 859/868/859 831/839/831 
f 865/873/865 855/863/855 856/866/856 813/821/813 
f 812/818/812 866/874/866 865/873/865 813/821/813 
f 861/870/861 866/874/866 812/818/812 809/817/809 
f 832/842/832 833/841/833 818/824/818 815/823/815 
f 867/875/867 868/876/868 816/826/816 817/825/817 
f 833/841/833 804/814/804 820/827/820 818/824/818 
f 869/877/869 867/875/867 817/825/817 819/828/819 
f 804/814/804 805/813/805 822/829/822 820/827/820 
f 821/830/821 870/878/870 869/877/869 819/828/819 
f 822/829/822 805/813/805 808/816/808 824/831/824 
f 823/832/823 871/879/871 870/878/870 821/830/821 
f 826/834/826 814/822/814 832/842/832 815/823/815 
f 816/826/816 868/876/868 872/880/872 825/833/825 
f 810/820/810 811/819/811 830/836/830 827/835/827 
f 873/881/873 874/882/874 828/838/828 829/837/829 
f 824/831/824 808/816/808 810/820/810 827/835/827 
f 828/838/828 874/882/874 871/879/871 823/832/823 
f 830/836/830 811/819/811 814/822/814 826/834/826 
f 872/880/872 873/881/873 829/837/829 825/833/825 
f 875/883/875 835/843/835 836/844/836 876/884/876 
f 876/884/876 878/885/878 877/886/877 875/883/875 
f 836/844/836 837/845/837 879/887/879 876/884/876 
f 880/888/880 878/885/878 876/884/876 879/887/879 
f 837/845/837 838/846/838 881/889/881 879/887/879 
f 882/890/882 880/888/880 879/887/879 881/889/881 
f 838/846/838 839/847/839 883/891/883 881/889/881 
f 884/892/884 882/890/882 881/889/881 883/891/883 
f 885/893/885 840/848/840 835/843/835 875/883/875 
f 875/883/875 877/886/877 886/894/886 885/893/885 
f 887/895/887 841/849/841 842/850/842 888/896/888 
f 888/896/888 890/897/890 889/898/889 887/895/887 
f 839/847/839 841/849/841 887/895/887 883/891/883 
f 889/898/889 884/892/884 883/891/883 887/895/887 
f 888/896/888 842/850/842 840/848/840 885/893/885 
f 885/893/885 886/894/886 890/897/890 888/896/888 
f 683/706/683 877/886/877 878/885/878 690/711/690 
f 690/711/690 878/885/878 880/888/880 691/712/691 
f 880/888/880 882/890/882 692/713/692 691/712/691 
f 882/890/882 884/892/884 693/714/693 692/713/692 
f 684/708/684 886/894/886 877/886/877 683/706/683 
f 889/898/889 890/897/890 695/716/695 694/715/694 
f 884/892/884 889/898/889 694/715/694 693/714/693 
f 695/716/695 890/897/890 886/894/886 684/708/684 
f 863/871/863 866/874/866 861/870/861 862/869/862 
f 864/872/864 865/873/865 866/874/866 863/871/863 
f 865/873/865 864/872/864 853/861/853 855/863/855 
f 892/899/892 859/868/859 860/867/860 891/900/891 
f 834/840/834 831/839/831 859/868/859 892/899/892 
f 892/899/892 852/862/852 803/811/803 834/840/834 
f 851/859/851 852/862/852 892/899/892 891/900/891 
f 894/901/894 853/861/853 854/860/854 893/902/893 
f 895/903/895 855/863/855 853/861/853 894/901/894 
f 858/864/858 855/863/855 895/903/895 896/904/896 
f 894/901/894 893/902/893 896/904/896 895/903/895 
f 868/876/868 867/875/867 843/852/843 844/851/844 
f 867/875/867 869/877/869 845/853/845 843/852/843 
f 869/877/869 870/878/870 846/854/846 845/853/845 
f 870/878/870 871/879/871 847/855/847 846/854/846 
f 872/880/872 868/876/868 844/851/844 848/856/848 
f 874/882/874 873/881/873 850/858/850 849/857/849 
f 871/879/871 874/882/874 849/857/849 847/855/847 
f 873/881/873 872/880/872 848/856/848 850/858/850 
f 753/764/753 746/759/746 898/905/898 897/906/897 
f 749/761/749 750/760/750 900/907/900 899/908/899 
f 901/909/901 904/910/904 903/461/903 902/460/902 
f 750/760/750 752/765/752 905/911/905 900/907/900 
f 906/912/906 909/913/909 908/466/908 907/465/907 
f 747/758/747 477/513/477 911/914/911 910/915/910 
f 912/916/912 906/912/906 907/465/907 913/471/913 
f 899/908/899 900/907/900 906/912/906 912/916/912 
f 909/913/909 906/912/906 900/907/900 905/911/905 
f 904/910/904 901/909/901 897/906/897 898/905/898 
f 914/917/914 915/918/915 910/915/910 911/914/911 
f 916/474/916 917/475/917 915/918/915 914/917/914 
f 478/512/478 914/917/914 911/914/911 477/513/477 
f 551/109/551 916/474/916 914/917/914 478/512/478 
f 918/919/918 919/920/919 699/718/699 696/717/696 
f 919/920/919 920/478/920 701/259/701 699/718/699 
f 746/759/746 747/758/747 910/915/910 898/905/898 
f 904/910/904 915/918/915 917/475/917 903/461/903 
f 752/765/752 753/764/753 897/906/897 905/911/905 
f 909/913/909 901/909/901 902/460/902 908/466/908 
f 905/911/905 897/906/897 901/909/901 909/913/909 
f 898/905/898 910/915/910 915/918/915 904/910/904 
f 899/908/899 918/919/918 696/717/696 749/761/749 
f 912/916/912 919/920/919 918/919/918 899/908/899 
f 913/471/913 920/478/920 919/920/919 912/916/912 
f 497/535/497 498/534/498 480/516/480 481/519/481 
f 498/534/498 501/537/501 484/520/484 480/516/480 
f 501/537/501 503/539/503 486/522/486 484/520/484 
f 503/539/503 504/541/504 488/524/488 486/522/486 
f 504/541/504 506/543/506 490/526/490 488/524/488 
f 506/543/506 508/545/508 492/528/492 490/526/490 
f 508/545/508 511/547/511 494/530/494 492/528/492 
f 511/547/511 497/535/497 481/519/481 494/530/494 
f 661/689/661 660/688/660 513/551/513 514/550/514 
f 662/690/662 661/689/661 514/550/514 517/553/517 
f 663/691/663 662/690/662 517/553/517 519/555/519 
f 664/692/664 663/691/663 519/555/519 520/557/520 
f 665/693/665 664/692/664 520/557/520 522/559/522 
f 666/694/666 665/693/665 522/559/522 524/561/524 
f 667/695/667 666/694/666 524/561/524 526/563/526 
f 660/688/660 667/695/667 526/563/526 513/551/513 
f 675/699/675 681/239/681 689/247/689 682/707/682 
f 641/669/641 605/635/605 606/634/606 639/666/639 
f 624/652/624 623/651/623 640/668/640 641/669/641 
f 623/651/623 621/649/621 638/667/638 640/668/640 
f 639/666/639 606/634/606 607/633/607 638/667/638 
f 921/921/921 854/860/854 851/859/851 922/922/922 
f 923/923/923 857/865/857 858/864/858 924/924/924 
f 925/925/925 860/867/860 857/865/857 923/923/923 
f 926/926/926 891/900/891 860/867/860 925/925/925 
f 922/922/922 851/859/851 891/900/891 926/926/926 
f 927/927/927 925/925/925 923/923/923 924/924/924 
f 928/928/928 926/926/926 925/925/925 927/927/927 
f 921/921/921 922/922/922 926/926/926 928/928/928 
f 896/904/896 927/927/927 924/924/924 858/864/858 
f 893/902/893 928/928/928 927/927/927 896/904/896 
f 854/860/854 921/921/921 928/928/928 893/902/893 
